"","day","DateTime","daily_mean_temp","temp_1"
"1",2007-08-28,"2007-08-28 12:00:00",22.356875,22.356875
"2",2007-08-29,"2007-08-29 12:00:00",22.5990972222222,22.5990972222222
"3",2007-08-30,"2007-08-30 12:00:00",22.9309027777778,22.9309027777778
"4",2007-08-31,"2007-08-31 12:00:00",23.2145138888889,23.2145138888889
"5",2007-09-01,"2007-09-01 12:00:00",22.1779166666667,22.1779166666667
"6",2007-09-02,"2007-09-02 12:00:00",21.5593055555556,21.5593055555556
"7",2007-09-03,"2007-09-03 12:00:00",21.2120138888889,21.2120138888889
"8",2007-09-04,"2007-09-04 12:00:00",21.1180555555556,21.1180555555556
"9",2007-09-05,"2007-09-05 12:00:00",20.9442361111111,20.9442361111111
"10",2007-09-06,"2007-09-06 12:00:00",20.7594308943089,20.7594308943089
"11",2007-09-07,"2007-09-07 12:00:00",20.8159027777778,20.8159027777778
"12",2007-09-08,"2007-09-08 12:00:00",21.3246527777778,21.3246527777778
"13",2007-09-09,"2007-09-09 12:00:00",21.5881944444444,21.5881944444444
"14",2007-09-10,"2007-09-10 12:00:00",21.0450694444444,21.0450694444444
"15",2007-09-11,"2007-09-11 12:00:00",20.5514583333333,20.5514583333333
"16",2007-09-12,"2007-09-12 12:00:00",20.0210416666667,20.0210416666667
"17",2007-09-13,"2007-09-13 12:00:00",19.7897916666667,19.7897916666667
"18",2007-09-14,"2007-09-14 12:00:00",19.6927083333333,19.6927083333333
"19",2007-09-15,"2007-09-15 12:00:00",19.34,19.34
"20",2007-09-16,"2007-09-16 12:00:00",18.8444444444444,18.8444444444444
"21",2007-09-17,"2007-09-17 12:00:00",18.7130555555556,18.7130555555556
"22",2007-09-18,"2007-09-18 12:00:00",18.6810416666667,18.6810416666667
"23",2007-09-19,"2007-09-19 12:00:00",18.6259722222222,18.6259722222222
"24",2007-09-20,"2007-09-20 12:00:00",18.9075694444444,18.9075694444444
"25",2007-09-21,"2007-09-21 12:00:00",19.0793055555556,19.0793055555556
"26",2007-09-22,"2007-09-22 12:00:00",19.3842361111111,19.3842361111111
"27",2007-09-23,"2007-09-23 12:00:00",19.0867361111111,19.0867361111111
"28",2007-09-24,"2007-09-24 12:00:00",18.8351388888889,18.8351388888889
"29",2007-09-25,"2007-09-25 12:00:00",18.8048611111111,18.8048611111111
"30",2007-09-26,"2007-09-26 12:00:00",19.2018055555556,19.2018055555556
"31",2007-09-27,"2007-09-27 12:00:00",19.6994444444444,19.6994444444444
"32",2007-09-28,"2007-09-28 12:00:00",19.7892361111111,19.7892361111111
"33",2007-09-29,"2007-09-29 12:00:00",19.2380555555556,19.2380555555556
"34",2007-09-30,"2007-09-30 12:00:00",18.8500694444444,18.8500694444444
"35",2007-10-01,"2007-10-01 12:00:00",18.5275694444444,18.5275694444444
"36",2007-10-02,"2007-10-02 12:00:00",18.3363888888889,18.3363888888889
"37",2007-10-03,"2007-10-03 12:00:00",18.2777777777778,18.2777777777778
"38",2007-10-05,"2007-10-05 12:00:00",18.6408270676692,18.6408270676692
"39",2007-10-06,"2007-10-06 12:00:00",18.871875,18.871875
"40",2007-10-07,"2007-10-07 12:00:00",18.8486111111111,18.8486111111111
"41",2007-10-08,"2007-10-08 12:00:00",18.3539583333333,18.3539583333333
"42",2007-10-09,"2007-10-09 12:00:00",17.9786111111111,17.9786111111111
"43",2007-10-10,"2007-10-10 12:00:00",17.5063194444444,17.5063194444444
"44",2007-10-11,"2007-10-11 12:00:00",17.2208333333333,17.2208333333333
"45",2007-10-12,"2007-10-12 12:00:00",16.7005555555556,16.7005555555556
"46",2007-10-13,"2007-10-13 12:00:00",16.0661805555556,16.0661805555556
"47",2007-10-14,"2007-10-14 12:00:00",15.5865972222222,15.5865972222222
"48",2007-10-15,"2007-10-15 12:00:00",15.1600694444444,15.1600694444444
"49",2007-10-16,"2007-10-16 12:00:00",14.880625,14.880625
"50",2007-10-17,"2007-10-17 12:00:00",14.5584027777778,14.5584027777778
"51",2007-10-18,"2007-10-18 12:00:00",14.5685416666667,14.5685416666667
"52",2007-10-19,"2007-10-19 12:00:00",14.7290972222222,14.7290972222222
"53",2007-10-20,"2007-10-20 12:00:00",14.66,14.66
"54",2007-10-21,"2007-10-21 12:00:00",14.4824305555556,14.4824305555556
"55",2007-10-22,"2007-10-22 12:00:00",14.5838194444444,14.5838194444444
"56",2007-10-23,"2007-10-23 12:00:00",14.6065972222222,14.6065972222222
"57",2007-10-24,"2007-10-24 12:00:00",14.5572222222222,14.5572222222222
"58",2007-10-25,"2007-10-25 12:00:00",14.4123611111111,14.4123611111111
"59",2007-10-26,"2007-10-26 12:00:00",14.2259722222222,14.2259722222222
"60",2007-10-27,"2007-10-27 12:00:00",14.0109722222222,14.0109722222222
"61",2007-10-28,"2007-10-28 12:00:00",13.6773611111111,13.6773611111111
"62",2007-10-29,"2007-10-29 12:00:00",13.0425,13.0425
"63",2007-10-30,"2007-10-30 12:00:00",12.7497222222222,12.7497222222222
"64",2007-10-31,"2007-10-31 12:00:00",12.5961805555556,12.5961805555556
"65",2007-11-01,"2007-11-01 12:00:00",12.295625,12.295625
"66",2007-11-02,"2007-11-02 12:00:00",12.0190277777778,12.0190277777778
"67",2007-11-03,"2007-11-03 12:00:00",11.6913888888889,11.6913888888889
"68",2007-11-05,"2007-11-05 12:00:00",11.045625,11.045625
"69",2007-11-06,"2007-11-06 12:00:00",10.7586111111111,10.7586111111111
"70",2007-11-07,"2007-11-07 12:00:00",10.4593055555556,10.4593055555556
"71",2007-11-08,"2007-11-08 12:00:00",10.1725694444444,10.1725694444444
"72",2007-11-09,"2007-11-09 12:00:00",9.90951388888889,9.90951388888889
"73",2007-11-10,"2007-11-10 12:00:00",9.6175,9.6175
"74",2007-11-11,"2007-11-11 12:00:00",9.18840277777778,9.18840277777778
"75",2007-11-12,"2007-11-12 12:00:00",8.86430555555556,8.86430555555556
"76",2007-11-13,"2007-11-13 12:00:00",8.780625,8.780625
"77",2007-11-14,"2007-11-14 12:00:00",8.70534722222222,8.70534722222222
"78",2007-11-15,"2007-11-15 12:00:00",8.70659722222222,8.70659722222222
"79",2007-11-16,"2007-11-16 12:00:00",8.38638888888889,8.38638888888889
"80",2007-11-17,"2007-11-17 12:00:00",7.93631944444444,7.93631944444444
"81",2007-11-18,"2007-11-18 12:00:00",7.64263888888889,7.64263888888889
"82",2007-11-19,"2007-11-19 12:00:00",7.4275,7.4275
"83",2007-11-20,"2007-11-20 12:00:00",7.15833333333333,7.15833333333333
"84",2007-11-21,"2007-11-21 12:00:00",7.05118055555556,7.05118055555556
"85",2007-11-22,"2007-11-22 12:00:00",7.00090277777778,7.00090277777778
"86",2007-11-23,"2007-11-23 12:00:00",6.63333333333333,6.63333333333333
"87",2007-11-24,"2007-11-24 12:00:00",6.21020833333333,6.21020833333333
"88",2007-11-25,"2007-11-25 12:00:00",5.92527777777778,5.92527777777778
"89",2007-11-26,"2007-11-26 12:00:00",5.77569444444444,5.77569444444444
"90",2007-11-27,"2007-11-27 12:00:00",5.80131944444444,5.80131944444444
"91",2007-11-28,"2007-11-28 12:00:00",5.51756944444444,5.51756944444444
"92",2007-11-29,"2007-11-29 12:00:00",5.39375,5.39375
"93",2007-11-30,"2007-11-30 12:00:00",5.06631944444444,5.06631944444444
"94",2007-12-01,"2007-12-01 12:00:00",4.62576388888889,4.62576388888889
"95",2007-12-02,"2007-12-02 12:00:00",4.18416666666667,4.18416666666667
"96",2007-12-03,"2007-12-03 12:00:00",3.65777777777778,3.65777777777778
"97",2007-12-04,"2007-12-04 12:00:00",3.32916666666667,3.32916666666667
"98",2007-12-05,"2007-12-05 12:00:00",3.10361111111111,3.10361111111111
"99",2007-12-06,"2007-12-06 12:00:00",2.79041666666667,2.79041666666667
"100",2007-12-07,"2007-12-07 12:00:00",2.40645833333333,2.40645833333333
"101",2007-12-08,"2007-12-08 12:00:00",2.40229166666667,2.40229166666667
"102",2007-12-09,"2007-12-09 12:00:00",2.126875,2.126875
"103",2007-12-10,"2007-12-10 12:00:00",1.60763888888889,1.60763888888889
"104",2007-12-11,"2007-12-11 12:00:00",1.22527777777778,1.22527777777778
"105",2007-12-12,"2007-12-12 12:00:00",2.22416666666667,2.22416666666667
"106",2007-12-13,"2007-12-13 12:00:00",1.84835164835165,1.84835164835165
"107",2007-12-20,"2007-12-20 12:00:00",0.903230769230769,0.903230769230769
"108",2007-12-21,"2007-12-21 12:00:00",0.843055555555556,0.843055555555556
"109",2007-12-22,"2007-12-22 12:00:00",0.835486111111111,0.835486111111111
"110",2007-12-23,"2007-12-23 12:00:00",0.828680555555556,0.828680555555556
"111",2007-12-24,"2007-12-24 12:00:00",0.866041666666667,0.866041666666667
"112",2007-12-25,"2007-12-25 12:00:00",0.884513888888889,0.884513888888889
"113",2007-12-26,"2007-12-26 12:00:00",0.945694444444444,0.945694444444444
"114",2007-12-27,"2007-12-27 12:00:00",0.967430555555556,0.967430555555556
"115",2007-12-28,"2007-12-28 12:00:00",0.932916666666667,0.932916666666667
"116",2007-12-29,"2007-12-29 12:00:00",0.962361111111111,0.962361111111111
"117",2007-12-30,"2007-12-30 12:00:00",1.02090277777778,1.02090277777778
"118",2007-12-31,"2007-12-31 12:00:00",1.04430555555556,1.04430555555556
"119",2008-01-01,"2008-01-01 12:00:00",1.08277777777778,1.08277777777778
"120",2008-01-02,"2008-01-02 12:00:00",1.04479166666667,1.04479166666667
"121",2008-01-03,"2008-01-03 12:00:00",1.02048611111111,1.02048611111111
"122",2008-01-04,"2008-01-04 12:00:00",1.02222222222222,1.02222222222222
"123",2008-01-05,"2008-01-05 12:00:00",1.02680555555556,1.02680555555556
"124",2008-01-06,"2008-01-06 12:00:00",1.02145833333333,1.02145833333333
"125",2008-01-07,"2008-01-07 12:00:00",1.01673611111111,1.01673611111111
"126",2008-01-08,"2008-01-08 12:00:00",1.06805555555556,1.06805555555556
"127",2008-01-09,"2008-01-09 12:00:00",1.11930555555556,1.11930555555556
"128",2008-01-10,"2008-01-10 12:00:00",1.15201388888889,1.15201388888889
"129",2008-01-11,"2008-01-11 12:00:00",1.16118055555556,1.16118055555556
"130",2008-01-12,"2008-01-12 12:00:00",1.19368055555556,1.19368055555556
"131",2008-01-13,"2008-01-13 12:00:00",1.27333333333333,1.27333333333333
"132",2008-01-14,"2008-01-14 12:00:00",1.29534722222222,1.29534722222222
"133",2008-01-15,"2008-01-15 12:00:00",1.28770833333333,1.28770833333333
"134",2008-01-16,"2008-01-16 12:00:00",1.28722222222222,1.28722222222222
"135",2008-01-17,"2008-01-17 12:00:00",1.29805555555556,1.29805555555556
"136",2008-01-18,"2008-01-18 12:00:00",1.28833333333333,1.28833333333333
"137",2008-01-19,"2008-01-19 12:00:00",1.28319444444444,1.28319444444444
"138",2008-01-20,"2008-01-20 12:00:00",1.28805555555556,1.28805555555556
"139",2008-01-21,"2008-01-21 12:00:00",1.28548611111111,1.28548611111111
"140",2008-01-22,"2008-01-22 12:00:00",1.25944444444444,1.25944444444444
"141",2008-01-23,"2008-01-23 12:00:00",1.19972222222222,1.19972222222222
"142",2008-01-24,"2008-01-24 12:00:00",1.21909722222222,1.21909722222222
"143",2008-01-25,"2008-01-25 12:00:00",1.24652777777778,1.24652777777778
"144",2008-01-26,"2008-01-26 12:00:00",1.25375,1.25375
"145",2008-01-27,"2008-01-27 12:00:00",1.27833333333333,1.27833333333333
"146",2008-01-28,"2008-01-28 12:00:00",1.26569444444444,1.26569444444444
"147",2008-01-29,"2008-01-29 12:00:00",1.26777777777778,1.26777777777778
"148",2008-02-03,"2008-02-03 12:00:00",1.28805970149254,1.28805970149254
"149",2008-02-04,"2008-02-04 12:00:00",1.28423611111111,1.28423611111111
"150",2008-02-05,"2008-02-05 12:00:00",1.24347222222222,1.24347222222222
"151",2008-02-06,"2008-02-06 12:00:00",1.22180555555556,1.22180555555556
"152",2008-02-07,"2008-02-07 12:00:00",1.21895833333333,1.21895833333333
"153",2008-02-08,"2008-02-08 12:00:00",1.209375,1.209375
"154",2008-02-09,"2008-02-09 12:00:00",1.19666666666667,1.19666666666667
"155",2008-02-10,"2008-02-10 12:00:00",1.12826388888889,1.12826388888889
"156",2008-02-11,"2008-02-11 12:00:00",1.10458333333333,1.10458333333333
"157",2008-02-12,"2008-02-12 12:00:00",1.08569444444444,1.08569444444444
"158",2008-02-13,"2008-02-13 12:00:00",1.12854166666667,1.12854166666667
"159",2008-02-14,"2008-02-14 12:00:00",1.16368055555556,1.16368055555556
"160",2008-02-15,"2008-02-15 12:00:00",1.14236111111111,1.14236111111111
"161",2008-02-16,"2008-02-16 12:00:00",1.13423611111111,1.13423611111111
"162",2008-02-17,"2008-02-17 12:00:00",1.12840277777778,1.12840277777778
"163",2008-02-18,"2008-02-18 12:00:00",1.09652777777778,1.09652777777778
"164",2008-02-19,"2008-02-19 12:00:00",1.13618055555556,1.13618055555556
"165",2008-02-20,"2008-02-20 12:00:00",1.13118055555556,1.13118055555556
"166",2008-02-21,"2008-02-21 12:00:00",1.16291666666667,1.16291666666667
"167",2008-02-22,"2008-02-22 12:00:00",1.19277777777778,1.19277777777778
"168",2008-02-23,"2008-02-23 12:00:00",1.20701388888889,1.20701388888889
"169",2008-02-24,"2008-02-24 12:00:00",1.22520833333333,1.22520833333333
"170",2008-02-25,"2008-02-25 12:00:00",1.24944444444444,1.24944444444444
"171",2008-02-26,"2008-02-26 12:00:00",1.24680555555556,1.24680555555556
"172",2008-02-27,"2008-02-27 12:00:00",1.22340277777778,1.22340277777778
"173",2008-02-28,"2008-02-28 12:00:00",1.22055555555556,1.22055555555556
"174",2008-02-29,"2008-02-29 12:00:00",1.19590277777778,1.19590277777778
"175",2008-03-01,"2008-03-01 12:00:00",1.15965277777778,1.15965277777778
"176",2008-03-02,"2008-03-02 12:00:00",1.11229166666667,1.11229166666667
"177",2008-03-03,"2008-03-03 12:00:00",1.10798611111111,1.10798611111111
"178",2008-03-04,"2008-03-04 12:00:00",1.13111111111111,1.13111111111111
"179",2008-03-05,"2008-03-05 12:00:00",1.11243055555556,1.11243055555556
"180",2008-03-06,"2008-03-06 12:00:00",1.1425,1.1425
"181",2008-03-07,"2008-03-07 12:00:00",1.15770833333333,1.15770833333333
"182",2008-03-08,"2008-03-08 12:00:00",1.15713286713287,1.15713286713287
"183",2008-03-09,"2008-03-09 12:00:00",1.15569444444444,1.15569444444444
"184",2008-03-10,"2008-03-10 12:00:00",1.16430555555556,1.16430555555556
"185",2008-03-11,"2008-03-11 12:00:00",1.13569444444444,1.13569444444444
"186",2008-03-12,"2008-03-12 12:00:00",1.17173611111111,1.17173611111111
"187",2008-03-13,"2008-03-13 12:00:00",1.238125,1.238125
"188",2008-03-14,"2008-03-14 12:00:00",1.23652777777778,1.23652777777778
"189",2008-03-15,"2008-03-15 12:00:00",1.28541666666667,1.28541666666667
"190",2008-03-16,"2008-03-16 12:00:00",1.25284722222222,1.25284722222222
"191",2008-03-17,"2008-03-17 12:00:00",1.28465277777778,1.28465277777778
"192",2008-03-18,"2008-03-18 12:00:00",1.34888888888889,1.34888888888889
"193",2008-03-19,"2008-03-19 12:00:00",1.325625,1.325625
"194",2008-03-20,"2008-03-20 12:00:00",1.34076388888889,1.34076388888889
"195",2008-03-21,"2008-03-21 12:00:00",1.40409722222222,1.40409722222222
"196",2008-03-22,"2008-03-22 12:00:00",1.42590277777778,1.42590277777778
"197",2008-03-23,"2008-03-23 12:00:00",1.48868055555556,1.48868055555556
"198",2008-03-24,"2008-03-24 12:00:00",1.46319444444444,1.46319444444444
"199",2008-03-25,"2008-03-25 12:00:00",1.55118881118881,1.55118881118881
"200",2008-03-26,"2008-03-26 12:00:00",1.59777777777778,1.59777777777778
"201",2008-03-27,"2008-03-27 12:00:00",1.61666666666667,1.61666666666667
"202",2008-03-28,"2008-03-28 12:00:00",1.66180555555556,1.66180555555556
"203",2008-03-29,"2008-03-29 12:00:00",1.62847222222222,1.62847222222222
"204",2008-03-30,"2008-03-30 12:00:00",1.635,1.635
"205",2008-03-31,"2008-03-31 12:00:00",1.60694444444444,1.60694444444444
"206",2008-04-01,"2008-04-01 12:00:00",1.54748251748252,1.54748251748252
"207",2008-04-02,"2008-04-02 12:00:00",1.64569444444444,1.64569444444444
"208",2008-04-03,"2008-04-03 12:00:00",1.71902777777778,1.71902777777778
"209",2008-04-04,"2008-04-04 12:00:00",1.73194444444444,1.73194444444444
"210",2008-04-05,"2008-04-05 12:00:00",1.76631944444444,1.76631944444444
"211",2008-04-06,"2008-04-06 12:00:00",1.77729166666667,1.77729166666667
"212",2008-04-07,"2008-04-07 12:00:00",1.83354166666667,1.83354166666667
"213",2008-04-08,"2008-04-08 12:00:00",1.89458333333333,1.89458333333333
"214",2008-04-09,"2008-04-09 12:00:00",1.92291666666667,1.92291666666667
"215",2008-04-10,"2008-04-10 12:00:00",1.97118055555556,1.97118055555556
"216",2008-04-11,"2008-04-11 12:00:00",2.03409722222222,2.03409722222222
"217",2008-04-12,"2008-04-12 12:00:00",2.14166666666667,2.14166666666667
"218",2008-04-13,"2008-04-13 12:00:00",2.17645833333333,2.17645833333333
"219",2008-04-14,"2008-04-14 12:00:00",2.21159722222222,2.21159722222222
"220",2008-04-15,"2008-04-15 12:00:00",2.39692307692308,2.39692307692308
"221",2008-04-16,"2008-04-16 12:00:00",2.57277777777778,2.57277777777778
"222",2008-04-17,"2008-04-17 12:00:00",2.68472222222222,2.68472222222222
"223",2008-04-18,"2008-04-18 12:00:00",2.74743055555556,2.74743055555556
"224",2008-04-19,"2008-04-19 12:00:00",2.84993055555556,2.84993055555556
"225",2008-04-20,"2008-04-20 12:00:00",3.01083333333333,3.01083333333333
"226",2008-04-21,"2008-04-21 12:00:00",3.40381944444444,3.40381944444444
"227",2008-04-22,"2008-04-22 12:00:00",3.86618055555556,3.86618055555556
"228",2008-04-23,"2008-04-23 12:00:00",4.32798611111111,4.32798611111111
"229",2008-04-24,"2008-04-24 12:00:00",4.26131944444444,4.26131944444444
"230",2008-04-25,"2008-04-25 12:00:00",5.04631944444444,5.04631944444444
"231",2008-04-26,"2008-04-26 12:00:00",5.57236111111111,5.57236111111111
"232",2008-04-27,"2008-04-27 12:00:00",5.62138888888889,5.62138888888889
"233",2008-04-28,"2008-04-28 12:00:00",5.40791666666667,5.40791666666667
"234",2008-04-29,"2008-04-29 12:00:00",5.40111111111111,5.40111111111111
"235",2008-04-30,"2008-04-30 12:00:00",5.52069444444444,5.52069444444444
"236",2008-05-01,"2008-05-01 12:00:00",5.66763888888889,5.66763888888889
"237",2008-05-02,"2008-05-02 12:00:00",5.71409722222222,5.71409722222222
"238",2008-05-03,"2008-05-03 12:00:00",5.62354166666667,5.62354166666667
"239",2008-05-04,"2008-05-04 12:00:00",5.63597222222222,5.63597222222222
"240",2008-05-05,"2008-05-05 12:00:00",6.485625,6.485625
"241",2008-05-06,"2008-05-06 12:00:00",6.98791666666667,6.98791666666667
"242",2008-05-07,"2008-05-07 12:00:00",7.35694444444444,7.35694444444444
"243",2008-05-08,"2008-05-08 12:00:00",7.42888888888889,7.42888888888889
"244",2008-05-09,"2008-05-09 12:00:00",8.06465277777778,8.06465277777778
"245",2008-05-10,"2008-05-10 12:00:00",8.94666666666667,8.94666666666667
"246",2008-05-11,"2008-05-11 12:00:00",9.16888888888889,9.16888888888889
"247",2008-05-12,"2008-05-12 12:00:00",8.78763888888889,8.78763888888889
"248",2008-05-13,"2008-05-13 12:00:00",9.59729166666667,9.59729166666667
"249",2008-05-14,"2008-05-14 12:00:00",10.0313888888889,10.0313888888889
"250",2008-05-15,"2008-05-15 12:00:00",10.3997222222222,10.3997222222222
"251",2008-05-16,"2008-05-16 12:00:00",10.6581944444444,10.6581944444444
"252",2008-05-17,"2008-05-17 12:00:00",11.0788888888889,11.0788888888889
"253",2008-05-18,"2008-05-18 12:00:00",11.0724305555556,11.0724305555556
"254",2008-05-19,"2008-05-19 12:00:00",10.4502083333333,10.4502083333333
"255",2008-05-20,"2008-05-20 12:00:00",10.8088194444444,10.8088194444444
"256",2008-05-21,"2008-05-21 12:00:00",10.9590909090909,10.9590909090909
"257",2008-05-22,"2008-05-22 12:00:00",11.0748611111111,11.0748611111111
"258",2008-05-23,"2008-05-23 12:00:00",11.1036805555556,11.1036805555556
"259",2008-05-24,"2008-05-24 12:00:00",11.0740277777778,11.0740277777778
"260",2008-05-25,"2008-05-25 12:00:00",11.5984027777778,11.5984027777778
"261",2008-05-26,"2008-05-26 12:00:00",12.0763888888889,12.0763888888889
"262",2008-05-27,"2008-05-27 12:00:00",12.5530555555556,12.5530555555556
"263",2008-05-28,"2008-05-28 12:00:00",12.7630555555556,12.7630555555556
"264",2008-05-29,"2008-05-29 12:00:00",12.7813888888889,12.7813888888889
"265",2008-05-30,"2008-05-30 12:00:00",13.2140277777778,13.2140277777778
"266",2008-05-31,"2008-05-31 12:00:00",13.948125,13.948125
"267",2008-06-01,"2008-06-01 12:00:00",14.1401388888889,14.1401388888889
"268",2008-06-02,"2008-06-02 12:00:00",14.5796527777778,14.5796527777778
"269",2008-06-03,"2008-06-03 12:00:00",15.1815277777778,15.1815277777778
"270",2008-06-04,"2008-06-04 12:00:00",15.30375,15.30375
"271",2008-06-05,"2008-06-05 12:00:00",14.9853472222222,14.9853472222222
"272",2008-06-06,"2008-06-06 12:00:00",14.7479861111111,14.7479861111111
"273",2008-06-07,"2008-06-07 12:00:00",15.1200694444444,15.1200694444444
"274",2008-06-08,"2008-06-08 12:00:00",16.3067361111111,16.3067361111111
"275",2008-06-09,"2008-06-09 12:00:00",17.7446527777778,17.7446527777778
"276",2008-06-10,"2008-06-10 12:00:00",18.6658333333333,18.6658333333333
"277",2008-06-11,"2008-06-11 12:00:00",20.8475,20.8475
"278",2008-06-12,"2008-06-12 12:00:00",20.2524305555556,20.2524305555556
"279",2008-06-13,"2008-06-13 12:00:00",19.6716666666667,19.6716666666667
"280",2008-06-14,"2008-06-14 12:00:00",20.5242361111111,20.5242361111111
"281",2008-06-15,"2008-06-15 12:00:00",20.4745833333333,20.4745833333333
"282",2008-06-16,"2008-06-16 12:00:00",20.2188888888889,20.2188888888889
"283",2008-06-17,"2008-06-17 12:00:00",20.0829166666667,20.0829166666667
"284",2008-06-18,"2008-06-18 12:00:00",19.8771527777778,19.8771527777778
"285",2008-06-19,"2008-06-19 12:00:00",19.9445833333333,19.9445833333333
"286",2008-06-20,"2008-06-20 12:00:00",19.8752083333333,19.8752083333333
"287",2008-06-21,"2008-06-21 12:00:00",20.258041958042,20.258041958042
"288",2008-06-22,"2008-06-22 12:00:00",20.46375,20.46375
"289",2008-06-23,"2008-06-23 12:00:00",20.1568055555556,20.1568055555556
"290",2008-06-24,"2008-06-24 12:00:00",20.1698611111111,20.1698611111111
"291",2008-06-25,"2008-06-25 12:00:00",20.1623611111111,20.1623611111111
"292",2008-06-26,"2008-06-26 12:00:00",20.0410416666667,20.0410416666667
"293",2008-06-27,"2008-06-27 12:00:00",20.284375,20.284375
"294",2008-06-28,"2008-06-28 12:00:00",20.4138888888889,20.4138888888889
"295",2008-06-29,"2008-06-29 12:00:00",20.2816666666667,20.2816666666667
"296",2008-06-30,"2008-06-30 12:00:00",20.8069444444444,20.8069444444444
"297",2008-07-01,"2008-07-01 12:00:00",21.0754861111111,21.0754861111111
"298",2008-07-02,"2008-07-02 12:00:00",21.5722916666667,21.5722916666667
"299",2008-07-03,"2008-07-03 12:00:00",21.768125,21.768125
"300",2008-07-04,"2008-07-04 12:00:00",22.0197916666667,22.0197916666667
"301",2008-07-05,"2008-07-05 12:00:00",22.5720138888889,22.5720138888889
"302",2008-07-06,"2008-07-06 12:00:00",22.630625,22.630625
"303",2008-07-07,"2008-07-07 12:00:00",23.1163194444444,23.1163194444444
"304",2008-07-08,"2008-07-08 12:00:00",23.6542361111111,23.6542361111111
"305",2008-07-09,"2008-07-09 12:00:00",24.1293055555556,24.1293055555556
"306",2008-07-10,"2008-07-10 12:00:00",24.3454166666667,24.3454166666667
"307",2008-07-11,"2008-07-11 12:00:00",23.7134722222222,23.7134722222222
"308",2008-07-12,"2008-07-12 12:00:00",23.5999305555556,23.5999305555556
"309",2008-07-13,"2008-07-13 12:00:00",23.2938461538462,23.2938461538462
"310",2008-07-14,"2008-07-14 12:00:00",23.194375,23.194375
"311",2008-07-15,"2008-07-15 12:00:00",23.2263194444444,23.2263194444444
"312",2008-07-16,"2008-07-16 12:00:00",23.234375,23.234375
"313",2008-07-17,"2008-07-17 12:00:00",24.1102777777778,24.1102777777778
"314",2008-07-18,"2008-07-18 12:00:00",24.2250694444444,24.2250694444444
"315",2008-07-19,"2008-07-19 12:00:00",24.0779861111111,24.0779861111111
"316",2008-07-20,"2008-07-20 12:00:00",23.9996527777778,23.9996527777778
"317",2008-07-21,"2008-07-21 12:00:00",23.7563888888889,23.7563888888889
"318",2008-07-22,"2008-07-22 12:00:00",23.6575,23.6575
"319",2008-07-23,"2008-07-23 12:00:00",23.0895833333333,23.0895833333333
"320",2008-07-24,"2008-07-24 12:00:00",22.4900694444444,22.4900694444444
"321",2008-07-25,"2008-07-25 12:00:00",22.515625,22.515625
"322",2008-07-26,"2008-07-26 12:00:00",22.7238194444444,22.7238194444444
"323",2008-07-27,"2008-07-27 12:00:00",22.6702083333333,22.6702083333333
"324",2008-07-28,"2008-07-28 12:00:00",22.8754861111111,22.8754861111111
"325",2008-07-29,"2008-07-29 12:00:00",23.0694444444444,23.0694444444444
"326",2008-07-30,"2008-07-30 12:00:00",23.03,23.03
"327",2008-07-31,"2008-07-31 12:00:00",23.3121527777778,23.3121527777778
"328",2008-08-01,"2008-08-01 12:00:00",23.5421527777778,23.5421527777778
"329",2008-08-02,"2008-08-02 12:00:00",23.7445833333333,23.7445833333333
"330",2008-08-03,"2008-08-03 12:00:00",23.4601388888889,23.4601388888889
"331",2008-08-04,"2008-08-04 12:00:00",23.1159027777778,23.1159027777778
"332",2008-08-05,"2008-08-05 12:00:00",23.0495833333333,23.0495833333333
"333",2008-08-06,"2008-08-06 12:00:00",22.3550694444444,22.3550694444444
"334",2008-08-07,"2008-08-07 12:00:00",22.1336805555556,22.1336805555556
"335",2008-08-08,"2008-08-08 12:00:00",21.9775694444444,21.9775694444444
"336",2008-08-09,"2008-08-09 12:00:00",22.0633333333333,22.0633333333333
"337",2008-08-10,"2008-08-10 12:00:00",22.095625,22.095625
"338",2008-08-11,"2008-08-11 12:00:00",21.6291666666667,21.6291666666667
"339",2008-08-12,"2008-08-12 12:00:00",21.3939583333333,21.3939583333333
"340",2008-08-13,"2008-08-13 12:00:00",21.3673611111111,21.3673611111111
"341",2008-08-14,"2008-08-14 12:00:00",21.8233333333333,21.8233333333333
"342",2008-08-15,"2008-08-15 12:00:00",21.7725694444444,21.7725694444444
"343",2008-08-16,"2008-08-16 12:00:00",21.5707638888889,21.5707638888889
"344",2008-08-17,"2008-08-17 12:00:00",21.5454166666667,21.5454166666667
"345",2008-08-18,"2008-08-18 12:00:00",21.795625,21.795625
"346",2008-08-19,"2008-08-19 12:00:00",21.5304166666667,21.5304166666667
"347",2008-08-20,"2008-08-20 12:00:00",20.7973611111111,20.7973611111111
"348",2008-08-21,"2008-08-21 12:00:00",20.8822222222222,20.8822222222222
"349",2008-08-22,"2008-08-22 12:00:00",21.3009027777778,21.3009027777778
"350",2008-08-23,"2008-08-23 12:00:00",21.756013986014,21.756013986014
"351",2008-08-24,"2008-08-24 12:00:00",21.9761805555556,21.9761805555556
"352",2008-08-25,"2008-08-25 12:00:00",22.1661805555556,22.1661805555556
"353",2008-08-26,"2008-08-26 12:00:00",21.2838888888889,21.2838888888889
"354",2008-08-27,"2008-08-27 12:00:00",21.0249305555556,21.0249305555556
"355",2008-08-28,"2008-08-28 12:00:00",21.1659027777778,21.1659027777778
"356",2008-08-29,"2008-08-29 12:00:00",21.1793055555556,21.1793055555556
"357",2008-08-30,"2008-08-30 12:00:00",21.2851388888889,21.2851388888889
"358",2008-08-31,"2008-08-31 12:00:00",21.0859722222222,21.0859722222222
"359",2008-09-01,"2008-09-01 12:00:00",20.7860416666667,20.7860416666667
"360",2008-09-02,"2008-09-02 12:00:00",21.0263888888889,21.0263888888889
"361",2008-09-03,"2008-09-03 12:00:00",21.1672222222222,21.1672222222222
"362",2008-09-04,"2008-09-04 12:00:00",21.5011111111111,21.5011111111111
"363",2008-09-05,"2008-09-05 12:00:00",21.8060416666667,21.8060416666667
"364",2008-09-06,"2008-09-06 12:00:00",21.6211805555556,21.6211805555556
"365",2008-09-07,"2008-09-07 12:00:00",21.4580555555556,21.4580555555556
"366",2008-09-08,"2008-09-08 12:00:00",21.2140972222222,21.2140972222222
"367",2008-09-09,"2008-09-09 12:00:00",20.8877083333333,20.8877083333333
"368",2008-09-10,"2008-09-10 12:00:00",20.4005555555556,20.4005555555556
"369",2008-09-11,"2008-09-11 12:00:00",20.1097916666667,20.1097916666667
"370",2008-09-12,"2008-09-12 12:00:00",19.745625,19.745625
"371",2008-09-13,"2008-09-13 12:00:00",19.7229166666667,19.7229166666667
"372",2008-09-14,"2008-09-14 12:00:00",19.8288888888889,19.8288888888889
"373",2008-09-15,"2008-09-15 12:00:00",19.8043055555556,19.8043055555556
"374",2008-09-16,"2008-09-16 12:00:00",19.5546527777778,19.5546527777778
"375",2008-09-17,"2008-09-17 12:00:00",19.3631944444444,19.3631944444444
"376",2008-09-18,"2008-09-18 12:00:00",19.0665972222222,19.0665972222222
"377",2008-09-19,"2008-09-19 12:00:00",18.7088888888889,18.7088888888889
"378",2008-09-20,"2008-09-20 12:00:00",18.5321527777778,18.5321527777778
"379",2008-09-21,"2008-09-21 12:00:00",18.4713888888889,18.4713888888889
"380",2008-09-22,"2008-09-22 12:00:00",18.4480555555556,18.4480555555556
"381",2008-09-23,"2008-09-23 12:00:00",18.3461805555556,18.3461805555556
"382",2008-09-24,"2008-09-24 12:00:00",18.271875,18.271875
"383",2008-09-25,"2008-09-25 12:00:00",18.219375,18.219375
"384",2008-09-26,"2008-09-26 12:00:00",17.8474305555556,17.8474305555556
"385",2008-09-27,"2008-09-27 12:00:00",17.6754545454545,17.6754545454545
"386",2008-09-28,"2008-09-28 12:00:00",17.8768055555556,17.8768055555556
"387",2008-09-29,"2008-09-29 12:00:00",17.941231884058,17.941231884058
"388",2008-10-07,"2008-10-07 12:00:00",15.1326388888889,15.1326388888889
"389",2008-10-08,"2008-10-08 12:00:00",14.8602777777778,14.8602777777778
"390",2008-10-09,"2008-10-09 12:00:00",14.8508333333333,14.8508333333333
"391",2008-10-10,"2008-10-10 12:00:00",14.7916666666667,14.7916666666667
"392",2008-10-11,"2008-10-11 12:00:00",14.8211805555556,14.8211805555556
"393",2008-10-12,"2008-10-12 12:00:00",14.8242361111111,14.8242361111111
"394",2008-10-13,"2008-10-13 12:00:00",14.7976923076923,14.7976923076923
"395",2008-10-14,"2008-10-14 12:00:00",14.6922222222222,14.6922222222222
"396",2008-10-16,"2008-10-16 12:00:00",14.4929166666667,14.4929166666667
"397",2008-10-17,"2008-10-17 12:00:00",14.1299305555556,14.1299305555556
"398",2008-10-18,"2008-10-18 12:00:00",13.8525694444444,13.8525694444444
"399",2008-10-19,"2008-10-19 12:00:00",13.5968055555556,13.5968055555556
"400",2008-10-20,"2008-10-20 12:00:00",13.3704166666667,13.3704166666667
"401",2008-10-21,"2008-10-21 12:00:00",13.1401459854015,13.1401459854015
"402",2008-10-22,"2008-10-22 12:00:00",12.7664788732394,12.7664788732394
"403",2008-10-23,"2008-10-23 12:00:00",12.3899290780142,12.3899290780142
"404",2008-10-24,"2008-10-24 12:00:00",12.0549285714286,12.0549285714286
"405",2008-10-25,"2008-10-25 12:00:00",11.9367142857143,11.9367142857143
"406",2008-10-26,"2008-10-26 12:00:00",11.9576691729323,11.9576691729323
"407",2008-10-27,"2008-10-27 12:00:00",11.8585074626866,11.8585074626866
"408",2008-10-28,"2008-10-28 12:00:00",11.6493525179856,11.6493525179856
"409",2008-10-29,"2008-10-29 12:00:00",11.0720567375887,11.0720567375887
"410",2008-10-30,"2008-10-30 12:00:00",10.6306293706294,10.6306293706294
"411",2008-10-31,"2008-10-31 12:00:00",10.3515714285714,10.3515714285714
"412",2008-11-02,"2008-11-02 12:00:00",9.90920289855072,9.90920289855072
"413",2008-11-03,"2008-11-03 12:00:00",9.73548611111111,9.73548611111111
"414",2008-11-04,"2008-11-04 12:00:00",9.63587412587413,9.63587412587413
"415",2008-11-05,"2008-11-05 12:00:00",9.65478873239437,9.65478873239437
"416",2008-11-06,"2008-11-06 12:00:00",9.82563909774436,9.82563909774436
"417",2008-11-07,"2008-11-07 12:00:00",9.9695,9.9695
"418",2008-11-08,"2008-11-08 12:00:00",10.0274100719424,10.0274100719424
"419",2008-11-09,"2008-11-09 12:00:00",9.98135714285714,9.98135714285714
"420",2008-11-10,"2008-11-10 12:00:00",9.710625,9.710625
"421",2008-11-11,"2008-11-11 12:00:00",9.38741258741259,9.38741258741259
"422",2008-11-12,"2008-11-12 12:00:00",9.18694444444444,9.18694444444444
"423",2008-11-13,"2008-11-13 12:00:00",8.99833333333333,8.99833333333333
"424",2008-11-14,"2008-11-14 12:00:00",8.91387323943662,8.91387323943662
"425",2008-11-15,"2008-11-15 12:00:00",8.97288,8.97288
"426",2008-11-17,"2008-11-17 12:00:00",8.59774436090226,8.59774436090226
"427",2008-11-18,"2008-11-18 12:00:00",8.27069444444444,8.27069444444444
"428",2008-11-19,"2008-11-19 12:00:00",7.80472222222222,7.80472222222222
"429",2008-11-20,"2008-11-20 12:00:00",7.23825174825175,7.23825174825175
"430",2008-11-21,"2008-11-21 12:00:00",6.73493055555556,6.73493055555556
"431",2008-11-22,"2008-11-22 12:00:00",6.15503496503497,6.15503496503497
"432",2008-11-23,"2008-11-23 12:00:00",5.59083333333333,5.59083333333333
"433",2008-11-24,"2008-11-24 12:00:00",5.32215277777778,5.32215277777778
"434",2008-11-25,"2008-11-25 12:00:00",5.0486013986014,5.0486013986014
"435",2008-11-26,"2008-11-26 12:00:00",4.96826388888889,4.96826388888889
"436",2008-11-27,"2008-11-27 12:00:00",4.82678321678322,4.82678321678322
"437",2008-11-28,"2008-11-28 12:00:00",4.76549295774648,4.76549295774648
"438",2008-11-29,"2008-11-29 12:00:00",4.54167832167832,4.54167832167832
"439",2008-11-30,"2008-11-30 12:00:00",4.36618055555556,4.36618055555556
"440",2008-12-01,"2008-12-01 12:00:00",4.23014184397163,4.23014184397163
"441",2008-12-02,"2008-12-02 12:00:00",3.98013986013986,3.98013986013986
"442",2008-12-03,"2008-12-03 12:00:00",4.00328671328671,4.00328671328671
"443",2008-12-04,"2008-12-04 12:00:00",3.7658041958042,3.7658041958042
"444",2008-12-05,"2008-12-05 12:00:00",3.63440559440559,3.63440559440559
"445",2008-12-06,"2008-12-06 12:00:00",3.34944444444444,3.34944444444444
"446",2008-12-07,"2008-12-07 12:00:00",3.23965277777778,3.23965277777778
"447",2008-12-08,"2008-12-08 12:00:00",2.85444444444444,2.85444444444444
"448",2008-12-09,"2008-12-09 12:00:00",2.30391608391608,2.30391608391608
"449",2008-12-10,"2008-12-10 12:00:00",2.44188811188811,2.44188811188811
"450",2008-12-11,"2008-12-11 12:00:00",2.29881944444444,2.29881944444444
"451",2008-12-12,"2008-12-12 12:00:00",2.229375,2.229375
"452",2008-12-13,"2008-12-13 12:00:00",2.01347222222222,2.01347222222222
"453",2008-12-14,"2008-12-14 12:00:00",1.63608391608392,1.63608391608392
"454",2008-12-15,"2008-12-15 12:00:00",1.9306338028169,1.9306338028169
"455",2008-12-16,"2008-12-16 12:00:00",1.88659722222222,1.88659722222222
"456",2008-12-17,"2008-12-17 12:00:00",1.62416666666667,1.62416666666667
"457",2008-12-18,"2008-12-18 12:00:00",1.44430555555556,1.44430555555556
"458",2008-12-19,"2008-12-19 12:00:00",1.26965277777778,1.26965277777778
"459",2008-12-20,"2008-12-20 12:00:00",0.909513888888889,0.909513888888889
"460",2008-12-21,"2008-12-21 12:00:00",0.652222222222222,0.652222222222222
"461",2008-12-22,"2008-12-22 12:00:00",0.583125,0.583125
"462",2008-12-23,"2008-12-23 12:00:00",0.325,0.325
"463",2008-12-24,"2008-12-24 12:00:00",0.298541666666667,0.298541666666667
"464",2008-12-25,"2008-12-25 12:00:00",0.433478260869565,0.433478260869565
"465",2008-12-26,"2008-12-26 12:00:00",0.316209677419355,0.316209677419355
"466",2008-12-27,"2008-12-27 12:00:00",0.395347222222222,0.395347222222222
"467",2008-12-28,"2008-12-28 12:00:00",0.456901408450704,0.456901408450704
"468",2008-12-29,"2008-12-29 12:00:00",0.488645833333333,0.488645833333333
"469",2008-12-30,"2008-12-30 12:00:00",0.475294117647059,0.475294117647059
"470",2008-12-31,"2008-12-31 12:00:00",0.143513513513514,0.143513513513514
"471",2009-01-01,"2009-01-01 12:00:00",-0.0472549019607843,-0.0472549019607843
"472",2009-01-02,"2009-01-02 12:00:00",0.0155555555555556,0.0155555555555556
"473",2009-01-03,"2009-01-03 12:00:00",0.0410909090909091,0.0410909090909091
"474",2009-01-04,"2009-01-04 12:00:00",0.141166666666667,0.141166666666667
"475",2009-01-05,"2009-01-05 12:00:00",0.23175,0.23175
"476",2009-01-06,"2009-01-06 12:00:00",0.298571428571429,0.298571428571429
"477",2009-01-07,"2009-01-07 12:00:00",0.33625,0.33625
"478",2009-01-08,"2009-01-08 12:00:00",0.339655172413793,0.339655172413793
"479",2009-01-09,"2009-01-09 12:00:00",0.314464285714286,0.314464285714286
"480",2009-01-10,"2009-01-10 12:00:00",0.286315789473684,0.286315789473684
"481",2009-01-11,"2009-01-11 12:00:00",0.281176470588235,0.281176470588235
"482",2009-01-12,"2009-01-12 12:00:00",0.28,0.28
"483",2009-01-13,"2009-01-13 12:00:00",0.280357142857143,0.280357142857143
"484",2009-01-14,"2009-01-14 12:00:00",0.28453125,0.28453125
"485",2009-07-29,"2009-07-29 12:00:00",22.745034965035,22.745034965035
"486",2009-07-30,"2009-07-30 12:00:00",23.4572222222222,23.4572222222222
"487",2009-07-31,"2009-07-31 12:00:00",23.109014084507,23.109014084507
"488",2009-08-01,"2009-08-01 12:00:00",22.9696478873239,22.9696478873239
"489",2009-08-03,"2009-08-03 12:00:00",22.9476978417266,22.9476978417266
"490",2009-08-04,"2009-08-04 12:00:00",23.2653846153846,23.2653846153846
"491",2009-08-05,"2009-08-05 12:00:00",23.1951748251748,23.1951748251748
"492",2009-08-06,"2009-08-06 12:00:00",23.2186713286713,23.2186713286713
"493",2009-08-07,"2009-08-07 12:00:00",22.8675177304965,22.8675177304965
"494",2009-08-08,"2009-08-08 12:00:00",22.5394615384615,22.5394615384615
"495",2009-08-09,"2009-08-09 12:00:00",22.2265492957746,22.2265492957746
"496",2009-08-10,"2009-08-10 12:00:00",22.3653472222222,22.3653472222222
"497",2009-08-12,"2009-08-12 12:00:00",23.1943055555556,23.1943055555556
"498",2009-08-13,"2009-08-13 12:00:00",22.8596478873239,22.8596478873239
"499",2009-08-14,"2009-08-14 12:00:00",23.5058450704225,23.5058450704225
"500",2009-08-15,"2009-08-15 12:00:00",23.9595833333333,23.9595833333333
"501",2009-08-16,"2009-08-16 12:00:00",24.3515277777778,24.3515277777778
"502",2009-08-17,"2009-08-17 12:00:00",24.730979020979,24.730979020979
"503",2009-08-18,"2009-08-18 12:00:00",25.0896527777778,25.0896527777778
"504",2009-08-19,"2009-08-19 12:00:00",25.2379166666667,25.2379166666667
"505",2009-08-20,"2009-08-20 12:00:00",25.2011111111111,25.2011111111111
"506",2009-08-21,"2009-08-21 12:00:00",24.9141958041958,24.9141958041958
"507",2009-08-22,"2009-08-22 12:00:00",24.8624305555556,24.8624305555556
"508",2009-08-23,"2009-08-23 12:00:00",24.7377622377622,24.7377622377622
"509",2009-08-24,"2009-08-24 12:00:00",24.6795070422535,24.6795070422535
"510",2009-08-25,"2009-08-25 12:00:00",24.5848591549296,24.5848591549296
"511",2009-08-26,"2009-08-26 12:00:00",24.1208391608392,24.1208391608392
"512",2009-08-27,"2009-08-27 12:00:00",23.3607746478873,23.3607746478873
"513",2009-08-28,"2009-08-28 12:00:00",22.9476388888889,22.9476388888889
"514",2009-08-29,"2009-08-29 12:00:00",21.969219858156,21.969219858156
"515",2009-08-30,"2009-08-30 12:00:00",21.6135416666667,21.6135416666667
"516",2009-08-31,"2009-08-31 12:00:00",21.1721739130435,21.1721739130435
"517",2009-09-01,"2009-09-01 12:00:00",21.1318705035971,21.1318705035971
"518",2009-09-02,"2009-09-02 12:00:00",21.1217730496454,21.1217730496454
"519",2009-09-03,"2009-09-03 12:00:00",21.3803496503497,21.3803496503497
"520",2009-09-04,"2009-09-04 12:00:00",21.5186013986014,21.5186013986014
"521",2009-09-05,"2009-09-05 12:00:00",21.391231884058,21.391231884058
"522",2009-09-06,"2009-09-06 12:00:00",21.1360431654676,21.1360431654676
"523",2009-09-07,"2009-09-07 12:00:00",20.7256737588652,20.7256737588652
"524",2009-09-08,"2009-09-08 12:00:00",20.8497163120567,20.8497163120567
"525",2009-09-09,"2009-09-09 12:00:00",20.7165714285714,20.7165714285714
"526",2009-09-10,"2009-09-10 12:00:00",20.3456617647059,20.3456617647059
"527",2009-09-11,"2009-09-11 12:00:00",19.8946428571429,19.8946428571429
"528",2009-09-12,"2009-09-12 12:00:00",19.5918181818182,19.5918181818182
"529",2009-09-13,"2009-09-13 12:00:00",19.6221527777778,19.6221527777778
"530",2009-09-14,"2009-09-14 12:00:00",19.5269718309859,19.5269718309859
"531",2009-09-15,"2009-09-15 12:00:00",19.3558865248227,19.3558865248227
"532",2009-09-16,"2009-09-16 12:00:00",19.2018181818182,19.2018181818182
"533",2009-09-17,"2009-09-17 12:00:00",18.9432867132867,18.9432867132867
"534",2009-09-18,"2009-09-18 12:00:00",18.506618705036,18.506618705036
"535",2009-09-19,"2009-09-19 12:00:00",17.8501428571429,17.8501428571429
"536",2009-09-20,"2009-09-20 12:00:00",17.6216083916084,17.6216083916084
"537",2009-09-21,"2009-09-21 12:00:00",17.7612857142857,17.7612857142857
"538",2009-09-22,"2009-09-22 12:00:00",17.7167832167832,17.7167832167832
"539",2009-09-23,"2009-09-23 12:00:00",17.7809027777778,17.7809027777778
"540",2009-09-24,"2009-09-24 12:00:00",18.0266666666667,18.0266666666667
"541",2009-09-25,"2009-09-25 12:00:00",17.5882608695652,17.5882608695652
"542",2009-09-26,"2009-09-26 12:00:00",17.3276056338028,17.3276056338028
"543",2009-09-27,"2009-09-27 12:00:00",16.9488321167883,16.9488321167883
"544",2009-09-28,"2009-09-28 12:00:00",17.0111971830986,17.0111971830986
"545",2009-09-29,"2009-09-29 12:00:00",16.8805714285714,16.8805714285714
"546",2009-09-30,"2009-09-30 12:00:00",16.6085507246377,16.6085507246377
"547",2009-10-01,"2009-10-01 12:00:00",16.0818309859155,16.0818309859155
"548",2009-10-02,"2009-10-02 12:00:00",15.6999295774648,15.6999295774648
"549",2009-10-03,"2009-10-03 12:00:00",15.388115942029,15.388115942029
"550",2009-10-04,"2009-10-04 12:00:00",15.4860714285714,15.4860714285714
"551",2009-10-05,"2009-10-05 12:00:00",15.2033098591549,15.2033098591549
"552",2009-10-06,"2009-10-06 12:00:00",15.0297014925373,15.0297014925373
"553",2009-10-07,"2009-10-07 12:00:00",14.8710563380282,14.8710563380282
"554",2009-10-08,"2009-10-08 12:00:00",14.4020289855072,14.4020289855072
"555",2009-10-09,"2009-10-09 12:00:00",14.2067910447761,14.2067910447761
"556",2009-10-10,"2009-10-10 12:00:00",14.0425362318841,14.0425362318841
"557",2009-10-11,"2009-10-11 12:00:00",13.6787323943662,13.6787323943662
"558",2009-10-12,"2009-10-12 12:00:00",13.3911188811189,13.3911188811189
"559",2009-10-13,"2009-10-13 12:00:00",13.0554929577465,13.0554929577465
"560",2009-10-14,"2009-10-14 12:00:00",12.6577622377622,12.6577622377622
"561",2009-10-15,"2009-10-15 12:00:00",12.2781118881119,12.2781118881119
"562",2009-10-16,"2009-10-16 12:00:00",11.880780141844,11.880780141844
"563",2009-10-17,"2009-10-17 12:00:00",11.6010416666667,11.6010416666667
"564",2009-10-18,"2009-10-18 12:00:00",11.2741549295775,11.2741549295775
"565",2009-10-19,"2009-10-19 12:00:00",11.06,11.06
"566",2009-10-20,"2009-10-20 12:00:00",10.9560563380282,10.9560563380282
"567",2009-10-21,"2009-10-21 12:00:00",11.140985915493,11.140985915493
"568",2009-10-22,"2009-10-22 12:00:00",11.1911678832117,11.1911678832117
"569",2009-10-23,"2009-10-23 12:00:00",10.8247222222222,10.8247222222222
"570",2009-10-24,"2009-10-24 12:00:00",10.5601408450704,10.5601408450704
"571",2009-10-25,"2009-10-25 12:00:00",10.5191428571429,10.5191428571429
"572",2009-10-26,"2009-10-26 12:00:00",10.4702777777778,10.4702777777778
"573",2009-10-27,"2009-10-27 12:00:00",10.3314285714286,10.3314285714286
"574",2009-10-28,"2009-10-28 12:00:00",10.141914893617,10.141914893617
"575",2009-10-29,"2009-10-29 12:00:00",10.2263888888889,10.2263888888889
"576",2009-10-30,"2009-10-30 12:00:00",10.0740972222222,10.0740972222222
"577",2009-10-31,"2009-10-31 12:00:00",10.1270503597122,10.1270503597122
"578",2009-11-01,"2009-11-01 12:00:00",10.1521897810219,10.1521897810219
"579",2009-11-02,"2009-11-02 12:00:00",10.0717361111111,10.0717361111111
"580",2009-11-03,"2009-11-03 12:00:00",9.96576388888889,9.96576388888889
"581",2009-11-04,"2009-11-04 12:00:00",9.76416666666667,9.76416666666667
"582",2009-11-05,"2009-11-05 12:00:00",9.59729166666667,9.59729166666667
"583",2009-11-06,"2009-11-06 12:00:00",9.38298611111111,9.38298611111111
"584",2009-11-07,"2009-11-07 12:00:00",9.18305555555555,9.18305555555555
"585",2009-11-08,"2009-11-08 12:00:00",9.01736111111111,9.01736111111111
"586",2009-11-09,"2009-11-09 12:00:00",9.04895104895105,9.04895104895105
"587",2009-11-10,"2009-11-10 12:00:00",8.96069444444444,8.96069444444444
"588",2009-11-11,"2009-11-11 12:00:00",8.91972222222222,8.91972222222222
"589",2009-11-12,"2009-11-12 12:00:00",8.80770833333333,8.80770833333333
"590",2009-11-13,"2009-11-13 12:00:00",8.56236111111111,8.56236111111111
"591",2009-11-14,"2009-11-14 12:00:00",8.50048611111111,8.50048611111111
"592",2009-11-15,"2009-11-15 12:00:00",8.71979020979021,8.71979020979021
"593",2009-11-16,"2009-11-16 12:00:00",8.49601398601399,8.49601398601399
"594",2009-11-17,"2009-11-17 12:00:00",8.40111111111111,8.40111111111111
"595",2009-11-18,"2009-11-18 12:00:00",8.30673611111111,8.30673611111111
"596",2009-11-19,"2009-11-19 12:00:00",8.23489510489511,8.23489510489511
"597",2009-11-20,"2009-11-20 12:00:00",8.23368055555556,8.23368055555556
"598",2009-11-21,"2009-11-21 12:00:00",8.08104166666667,8.08104166666667
"599",2009-11-22,"2009-11-22 12:00:00",8.12014084507042,8.12014084507042
"600",2009-11-23,"2009-11-23 12:00:00",7.93451388888889,7.93451388888889
"601",2009-11-24,"2009-11-24 12:00:00",7.930625,7.930625
"602",2009-11-25,"2009-11-25 12:00:00",7.835,7.835
"603",2009-11-26,"2009-11-26 12:00:00",7.98,7.98
"604",2009-11-27,"2009-11-27 12:00:00",7.79451388888889,7.79451388888889
"605",2009-11-28,"2009-11-28 12:00:00",7.536875,7.536875
"606",2009-11-29,"2009-11-29 12:00:00",7.26854166666667,7.26854166666667
"607",2009-11-30,"2009-11-30 12:00:00",7.14111111111111,7.14111111111111
"608",2009-12-01,"2009-12-01 12:00:00",6.93638888888889,6.93638888888889
"609",2009-12-02,"2009-12-02 12:00:00",6.785,6.785
"610",2009-12-03,"2009-12-03 12:00:00",6.86118055555556,6.86118055555556
"611",2009-12-04,"2009-12-04 12:00:00",6.72291666666667,6.72291666666667
"612",2009-12-05,"2009-12-05 12:00:00",6.590625,6.590625
"613",2009-12-06,"2009-12-06 12:00:00",6.26347222222222,6.26347222222222
"614",2009-12-07,"2009-12-07 12:00:00",5.89840277777778,5.89840277777778
"615",2009-12-08,"2009-12-08 12:00:00",5.69517482517483,5.69517482517483
"616",2009-12-09,"2009-12-09 12:00:00",5.35993055555556,5.35993055555556
"617",2009-12-10,"2009-12-10 12:00:00",4.95659722222222,4.95659722222222
"618",2009-12-11,"2009-12-11 12:00:00",4.25763888888889,4.25763888888889
"619",2009-12-12,"2009-12-12 12:00:00",3.85427083333333,3.85427083333333
"620",2009-12-13,"2009-12-13 12:00:00",3.47020833333333,3.47020833333333
"621",2009-12-14,"2009-12-14 12:00:00",3.21951388888889,3.21951388888889
"622",2009-12-15,"2009-12-15 12:00:00",3.34138888888889,3.34138888888889
"623",2009-12-16,"2009-12-16 12:00:00",3.30340277777778,3.30340277777778
"624",2009-12-17,"2009-12-17 12:00:00",2.74378151260504,2.74378151260504
"625",2009-12-18,"2009-12-18 12:00:00",2.00885964912281,2.00885964912281
"626",2009-12-22,"2009-12-22 12:00:00",0.500175438596491,0.500175438596491
"627",2009-12-24,"2009-12-24 12:00:00",0.343333333333333,0.343333333333333
"628",2009-12-25,"2009-12-25 12:00:00",0.316944444444444,0.316944444444444
"629",2009-12-26,"2009-12-26 12:00:00",0.289236111111111,0.289236111111111
"630",2009-12-27,"2009-12-27 12:00:00",0.365972222222222,0.365972222222222
"631",2009-12-28,"2009-12-28 12:00:00",0.4025,0.4025
"632",2009-12-29,"2009-12-29 12:00:00",0.379111111111111,0.379111111111111
"633",2009-12-30,"2009-12-30 12:00:00",0.248402777777778,0.248402777777778
"634",2010-01-01,"2010-01-01 12:00:00",0.228461538461538,0.228461538461538
"635",2010-01-02,"2010-01-02 12:00:00",0.271736111111111,0.271736111111111
"636",2010-01-04,"2010-01-04 12:00:00",0.165694444444444,0.165694444444444
"637",2010-01-05,"2010-01-05 12:00:00",0.235069444444444,0.235069444444444
"638",2010-01-06,"2010-01-06 12:00:00",0.220625,0.220625
"639",2010-01-07,"2010-01-07 12:00:00",0.310138888888889,0.310138888888889
"640",2010-01-08,"2010-01-08 12:00:00",0.358606557377049,0.358606557377049
"641",2010-01-10,"2010-01-10 12:00:00",0.391192660550459,0.391192660550459
"642",2010-01-11,"2010-01-11 12:00:00",0.391221374045802,0.391221374045802
"643",2010-01-12,"2010-01-12 12:00:00",0.442,0.442
"644",2010-01-14,"2010-01-14 12:00:00",0.498765432098765,0.498765432098765
"645",2010-01-15,"2010-01-15 12:00:00",0.416597222222222,0.416597222222222
"646",2010-01-16,"2010-01-16 12:00:00",0.296707317073171,0.296707317073171
"647",2010-01-17,"2010-01-17 12:00:00",0.379038461538462,0.379038461538462
"648",2010-01-18,"2010-01-18 12:00:00",0.433098591549296,0.433098591549296
"649",2010-01-19,"2010-01-19 12:00:00",0.416736111111111,0.416736111111111
"650",2010-01-20,"2010-01-20 12:00:00",0.433535353535354,0.433535353535354
"651",2010-01-21,"2010-01-21 12:00:00",0.374074074074074,0.374074074074074
"652",2010-01-22,"2010-01-22 12:00:00",0.352651515151515,0.352651515151515
"653",2010-01-23,"2010-01-23 12:00:00",0.318582089552239,0.318582089552239
"654",2010-01-24,"2010-01-24 12:00:00",0.329102564102564,0.329102564102564
"655",2010-01-26,"2010-01-26 12:00:00",0.557209302325581,0.557209302325581
"656",2010-01-27,"2010-01-27 12:00:00",0.702152777777778,0.702152777777778
"657",2010-01-28,"2010-01-28 12:00:00",0.746527777777778,0.746527777777778
"658",2010-01-30,"2010-01-30 12:00:00",0.880081300813008,0.880081300813008
"659",2010-01-31,"2010-01-31 12:00:00",0.93695652173913,0.93695652173913
"660",2010-02-01,"2010-02-01 12:00:00",0.999375,0.999375
"661",2010-02-02,"2010-02-02 12:00:00",1.07729166666667,1.07729166666667
"662",2010-02-03,"2010-02-03 12:00:00",1.07854166666667,1.07854166666667
"663",2010-02-04,"2010-02-04 12:00:00",1.09715277777778,1.09715277777778
"664",2010-02-05,"2010-02-05 12:00:00",1.21584,1.21584
"665",2010-02-08,"2010-02-08 12:00:00",1.38115384615385,1.38115384615385
"666",2010-02-09,"2010-02-09 12:00:00",1.41341463414634,1.41341463414634
"667",2010-02-10,"2010-02-10 12:00:00",1.30618055555556,1.30618055555556
"668",2010-02-11,"2010-02-11 12:00:00",1.25090277777778,1.25090277777778
"669",2010-02-12,"2010-02-12 12:00:00",1.40575757575758,1.40575757575758
"670",2010-02-13,"2010-02-13 12:00:00",1.53711538461538,1.53711538461538
"671",2010-02-14,"2010-02-14 12:00:00",1.6025,1.6025
"672",2010-02-16,"2010-02-16 12:00:00",1.65006944444444,1.65006944444444
"673",2010-02-17,"2010-02-17 12:00:00",1.41902777777778,1.41902777777778
"674",2010-02-20,"2010-02-20 12:00:00",0.905555555555556,0.905555555555556
"675",2010-02-21,"2010-02-21 12:00:00",1.01763888888889,1.01763888888889
"676",2010-02-22,"2010-02-22 12:00:00",1.25395683453237,1.25395683453237
"677",2010-02-23,"2010-02-23 12:00:00",1.29034722222222,1.29034722222222
"678",2010-02-24,"2010-02-24 12:00:00",1.10204225352113,1.10204225352113
"679",2010-02-25,"2010-02-25 12:00:00",1.06281690140845,1.06281690140845
"680",2010-02-26,"2010-02-26 12:00:00",1.01729166666667,1.01729166666667
"681",2010-02-27,"2010-02-27 12:00:00",0.954027777777778,0.954027777777778
"682",2010-02-28,"2010-02-28 12:00:00",0.933402777777778,0.933402777777778
"683",2010-03-01,"2010-03-01 12:00:00",0.98645390070922,0.98645390070922
"684",2010-03-06,"2010-03-06 12:00:00",1.68236111111111,1.68236111111111
"685",2010-03-07,"2010-03-07 12:00:00",1.88218309859155,1.88218309859155
"686",2010-03-10,"2010-03-10 12:00:00",2.16461538461538,2.16461538461538
"687",2010-03-12,"2010-03-12 12:00:00",1.77086206896552,1.77086206896552
"688",2010-03-13,"2010-03-13 12:00:00",1.81916666666667,1.81916666666667
"689",2010-03-14,"2010-03-14 12:00:00",1.79826388888889,1.79826388888889
"690",2010-03-15,"2010-03-15 12:00:00",1.47223776223776,1.47223776223776
"691",2010-03-16,"2010-03-16 12:00:00",1.58597222222222,1.58597222222222
"692",2010-03-17,"2010-03-17 12:00:00",2.09647482014388,2.09647482014388
"693",2010-03-18,"2010-03-18 12:00:00",2.23444444444444,2.23444444444444
"694",2010-03-20,"2010-03-20 12:00:00",2.29471830985915,2.29471830985915
"695",2010-03-21,"2010-03-21 12:00:00",2.59204918032787,2.59204918032787
"696",2010-03-23,"2010-03-23 12:00:00",2.62775,2.62775
"697",2010-03-24,"2010-03-24 12:00:00",2.83517482517483,2.83517482517483
"698",2010-03-25,"2010-03-25 12:00:00",3.01888888888889,3.01888888888889
"699",2010-03-26,"2010-03-26 12:00:00",3.2345390070922,3.2345390070922
"700",2010-03-27,"2010-03-27 12:00:00",3.18643939393939,3.18643939393939
"701",2010-03-28,"2010-03-28 12:00:00",3.44354166666667,3.44354166666667
"702",2010-03-29,"2010-03-29 12:00:00",3.30268115942029,3.30268115942029
"703",2010-03-30,"2010-03-30 12:00:00",3.07104166666667,3.07104166666667
"704",2010-03-31,"2010-03-31 12:00:00",3.14076388888889,3.14076388888889
"705",2010-04-01,"2010-04-01 12:00:00",3.40897810218978,3.40897810218978
"706",2010-05-20,"2010-05-20 12:00:00",13.9832926829268,13.9832926829268
"707",2010-05-21,"2010-05-21 12:00:00",15.0258333333333,15.0258333333333
"708",2010-05-22,"2010-05-22 12:00:00",15.0361805555556,15.0361805555556
"709",2010-05-23,"2010-05-23 12:00:00",15.8763888888889,15.8763888888889
"710",2010-05-24,"2010-05-24 12:00:00",18.6445833333333,18.6445833333333
"711",2010-05-25,"2010-05-25 12:00:00",20.4734722222222,20.4734722222222
"712",2010-05-26,"2010-05-26 12:00:00",20.5125694444444,20.5125694444444
"713",2010-05-27,"2010-05-27 12:00:00",18.9164583333333,18.9164583333333
"714",2010-05-28,"2010-05-28 12:00:00",18.9984027777778,18.9984027777778
"715",2010-05-29,"2010-05-29 12:00:00",19.1297916666667,19.1297916666667
"716",2010-05-30,"2010-05-30 12:00:00",18.8671527777778,18.8671527777778
"717",2010-05-31,"2010-05-31 12:00:00",18.5438194444444,18.5438194444444
"718",2010-06-01,"2010-06-01 12:00:00",18.8645138888889,18.8645138888889
"719",2010-06-02,"2010-06-02 12:00:00",19.7136805555556,19.7136805555556
"720",2010-06-03,"2010-06-03 12:00:00",20.1029861111111,20.1029861111111
"721",2010-06-04,"2010-06-04 12:00:00",20.5148611111111,20.5148611111111
"722",2010-06-05,"2010-06-05 12:00:00",21.0806944444444,21.0806944444444
"723",2010-06-06,"2010-06-06 12:00:00",19.1705555555556,19.1705555555556
"724",2010-06-07,"2010-06-07 12:00:00",17.4606944444444,17.4606944444444
"725",2010-06-08,"2010-06-08 12:00:00",16.6176388888889,16.6176388888889
"726",2010-06-09,"2010-06-09 12:00:00",16.085,16.085
"727",2010-06-10,"2010-06-10 12:00:00",15.5020138888889,15.5020138888889
"728",2010-06-11,"2010-06-11 12:00:00",16.6257638888889,16.6257638888889
"729",2010-06-12,"2010-06-12 12:00:00",16.6540972222222,16.6540972222222
"730",2010-06-13,"2010-06-13 12:00:00",16.5667361111111,16.5667361111111
"731",2010-06-14,"2010-06-14 12:00:00",16.9470833333333,16.9470833333333
"732",2010-06-15,"2010-06-15 12:00:00",17.0355555555556,17.0355555555556
"733",2010-06-16,"2010-06-16 12:00:00",16.9465972222222,16.9465972222222
"734",2010-06-17,"2010-06-17 12:00:00",17.2958333333333,17.2958333333333
"735",2010-06-18,"2010-06-18 12:00:00",18.3288194444444,18.3288194444444
"736",2010-06-19,"2010-06-19 12:00:00",19.5047916666667,19.5047916666667
"737",2010-06-20,"2010-06-20 12:00:00",20.3504166666667,20.3504166666667
"738",2010-06-21,"2010-06-21 12:00:00",20.6475694444444,20.6475694444444
"739",2010-06-22,"2010-06-22 12:00:00",20.5334027777778,20.5334027777778
"740",2010-06-23,"2010-06-23 12:00:00",20.8615277777778,20.8615277777778
"741",2010-06-24,"2010-06-24 12:00:00",21.3970833333333,21.3970833333333
"742",2010-06-25,"2010-06-25 12:00:00",21.0070138888889,21.0070138888889
"743",2010-06-26,"2010-06-26 12:00:00",20.7096527777778,20.7096527777778
"744",2010-06-27,"2010-06-27 12:00:00",21.0440277777778,21.0440277777778
"745",2010-06-28,"2010-06-28 12:00:00",21.7077083333333,21.7077083333333
"746",2010-06-29,"2010-06-29 12:00:00",21.6096527777778,21.6096527777778
"747",2010-06-30,"2010-06-30 12:00:00",19.2346527777778,19.2346527777778
"748",2010-07-01,"2010-07-01 12:00:00",18.1021527777778,18.1021527777778
"749",2010-07-02,"2010-07-02 12:00:00",18.9602777777778,18.9602777777778
"750",2010-07-03,"2010-07-03 12:00:00",20.4486111111111,20.4486111111111
"751",2010-07-04,"2010-07-04 12:00:00",21.7484027777778,21.7484027777778
"752",2010-07-05,"2010-07-05 12:00:00",22.9906944444444,22.9906944444444
"753",2010-07-06,"2010-07-06 12:00:00",24.7522222222222,24.7522222222222
"754",2010-07-07,"2010-07-07 12:00:00",25.566875,25.566875
"755",2010-07-08,"2010-07-08 12:00:00",25.4763194444444,25.4763194444444
"756",2010-07-09,"2010-07-09 12:00:00",24.7414685314685,24.7414685314685
"757",2010-07-10,"2010-07-10 12:00:00",23.8906293706294,23.8906293706294
"758",2010-07-11,"2010-07-11 12:00:00",24.4448611111111,24.4448611111111
"759",2010-07-12,"2010-07-12 12:00:00",24.8354861111111,24.8354861111111
"760",2010-07-13,"2010-07-13 12:00:00",24.73875,24.73875
"761",2010-07-14,"2010-07-14 12:00:00",24.1011805555556,24.1011805555556
"762",2010-07-15,"2010-07-15 12:00:00",24.5197916666667,24.5197916666667
"763",2010-07-16,"2010-07-16 12:00:00",24.9631944444444,24.9631944444444
"764",2010-07-17,"2010-07-17 12:00:00",24.8981944444444,24.8981944444444
"765",2010-07-18,"2010-07-18 12:00:00",24.2706944444444,24.2706944444444
"766",2010-07-19,"2010-07-19 12:00:00",23.9835416666667,23.9835416666667
"767",2010-07-20,"2010-07-20 12:00:00",23.6972916666667,23.6972916666667
"768",2010-07-21,"2010-07-21 12:00:00",23.763125,23.763125
"769",2010-07-22,"2010-07-22 12:00:00",22.7828472222222,22.7828472222222
"770",2010-07-23,"2010-07-23 12:00:00",22.365625,22.365625
"771",2010-07-24,"2010-07-24 12:00:00",23.7340277777778,23.7340277777778
"772",2010-07-25,"2010-07-25 12:00:00",23.298125,23.298125
"773",2010-07-26,"2010-07-26 12:00:00",21.8693055555556,21.8693055555556
"774",2010-07-27,"2010-07-27 12:00:00",22.2961805555556,22.2961805555556
"775",2010-07-28,"2010-07-28 12:00:00",23.0439583333333,23.0439583333333
"776",2010-07-29,"2010-07-29 12:00:00",22.7607638888889,22.7607638888889
"777",2010-07-30,"2010-07-30 12:00:00",21.1220138888889,21.1220138888889
"778",2010-07-31,"2010-07-31 12:00:00",21.0418055555556,21.0418055555556
"779",2010-08-01,"2010-08-01 12:00:00",21.6494444444444,21.6494444444444
"780",2010-08-02,"2010-08-02 12:00:00",22.3188888888889,22.3188888888889
"781",2010-08-03,"2010-08-03 12:00:00",22.5825694444444,22.5825694444444
"782",2010-08-04,"2010-08-04 12:00:00",23.3838888888889,23.3838888888889
"783",2010-08-05,"2010-08-05 12:00:00",23.6229166666667,23.6229166666667
"784",2010-08-06,"2010-08-06 12:00:00",22.300625,22.300625
"785",2010-08-07,"2010-08-07 12:00:00",20.8052777777778,20.8052777777778
"786",2010-08-08,"2010-08-08 12:00:00",21.7325694444444,21.7325694444444
"787",2010-08-09,"2010-08-09 12:00:00",22.9470138888889,22.9470138888889
"788",2010-08-10,"2010-08-10 12:00:00",23.7977777777778,23.7977777777778
"789",2010-08-11,"2010-08-11 12:00:00",23.7884722222222,23.7884722222222
"790",2010-08-12,"2010-08-12 12:00:00",22.6808333333333,22.6808333333333
"791",2010-08-13,"2010-08-13 12:00:00",22.3634027777778,22.3634027777778
"792",2010-08-14,"2010-08-14 12:00:00",22.4509027777778,22.4509027777778
"793",2010-08-15,"2010-08-15 12:00:00",22.1627083333333,22.1627083333333
"794",2010-08-16,"2010-08-16 12:00:00",22.4354861111111,22.4354861111111
"795",2010-08-17,"2010-08-17 12:00:00",22.3683333333333,22.3683333333333
"796",2010-08-18,"2010-08-18 12:00:00",22.2381944444444,22.2381944444444
"797",2010-08-19,"2010-08-19 12:00:00",22.7610416666667,22.7610416666667
"798",2010-08-20,"2010-08-20 12:00:00",21.8792361111111,21.8792361111111
"799",2010-08-21,"2010-08-21 12:00:00",21.0774647887324,21.0774647887324
"800",2010-08-22,"2010-08-22 12:00:00",20.7958333333333,20.7958333333333
"801",2010-08-23,"2010-08-23 12:00:00",19.8809027777778,19.8809027777778
"802",2010-08-24,"2010-08-24 12:00:00",20.1265277777778,20.1265277777778
"803",2010-08-25,"2010-08-25 12:00:00",19.704375,19.704375
"804",2010-08-26,"2010-08-26 12:00:00",20.1565277777778,20.1565277777778
"805",2010-08-27,"2010-08-27 12:00:00",19.37625,19.37625
"806",2010-08-28,"2010-08-28 12:00:00",19.5756944444444,19.5756944444444
"807",2010-08-29,"2010-08-29 12:00:00",20.9684722222222,20.9684722222222
"808",2010-08-30,"2010-08-30 12:00:00",21.5251388888889,21.5251388888889
"809",2010-08-31,"2010-08-31 12:00:00",22.4677777777778,22.4677777777778
"810",2010-09-01,"2010-09-01 12:00:00",22.9590972222222,22.9590972222222
"811",2010-09-02,"2010-09-02 12:00:00",23.1470833333333,23.1470833333333
"812",2010-09-03,"2010-09-03 12:00:00",23.5138888888889,23.5138888888889
"813",2010-09-04,"2010-09-04 12:00:00",21.5647222222222,21.5647222222222
"814",2010-09-05,"2010-09-05 12:00:00",19.3790972222222,19.3790972222222
"815",2010-09-06,"2010-09-06 12:00:00",19.3520138888889,19.3520138888889
"816",2010-09-07,"2010-09-07 12:00:00",20.490625,20.490625
"817",2010-09-08,"2010-09-08 12:00:00",20.3032638888889,20.3032638888889
"818",2010-09-09,"2010-09-09 12:00:00",18.9117361111111,18.9117361111111
"819",2010-09-10,"2010-09-10 12:00:00",18.06375,18.06375
"820",2010-09-11,"2010-09-11 12:00:00",18.5384722222222,18.5384722222222
"821",2010-09-12,"2010-09-12 12:00:00",17.8375,17.8375
"822",2010-09-13,"2010-09-13 12:00:00",17.2516666666667,17.2516666666667
"823",2010-09-14,"2010-09-14 12:00:00",17.2920138888889,17.2920138888889
"824",2010-09-15,"2010-09-15 12:00:00",16.4934722222222,16.4934722222222
"825",2010-09-16,"2010-09-16 12:00:00",16.375,16.375
"826",2010-09-17,"2010-09-17 12:00:00",16.7909027777778,16.7909027777778
"827",2010-09-18,"2010-09-18 12:00:00",16.5942361111111,16.5942361111111
"828",2010-09-19,"2010-09-19 12:00:00",17.0158333333333,17.0158333333333
"829",2010-09-20,"2010-09-20 12:00:00",16.2261111111111,16.2261111111111
"830",2010-09-21,"2010-09-21 12:00:00",15.8233333333333,15.8233333333333
"831",2010-09-22,"2010-09-22 12:00:00",17.2259722222222,17.2259722222222
"832",2010-09-23,"2010-09-23 12:00:00",17.2471527777778,17.2471527777778
"833",2010-09-24,"2010-09-24 12:00:00",18.0858333333333,18.0858333333333
"834",2010-09-25,"2010-09-25 12:00:00",18.295,18.295
"835",2010-09-26,"2010-09-26 12:00:00",16.5466666666667,16.5466666666667
"836",2010-09-27,"2010-09-27 12:00:00",15.6451388888889,15.6451388888889
"837",2010-09-28,"2010-09-28 12:00:00",16.7670833333333,16.7670833333333
"838",2010-09-29,"2010-09-29 12:00:00",17.4799305555556,17.4799305555556
"839",2010-09-30,"2010-09-30 12:00:00",17.57125,17.57125
"840",2010-10-01,"2010-10-01 12:00:00",16.7759027777778,16.7759027777778
"841",2010-10-02,"2010-10-02 12:00:00",14.9991608391608,14.9991608391608
"842",2010-10-03,"2010-10-03 12:00:00",14.39,14.39
"843",2010-10-04,"2010-10-04 12:00:00",14.57625,14.57625
"844",2010-10-05,"2010-10-05 12:00:00",14.9822916666667,14.9822916666667
"845",2010-10-06,"2010-10-06 12:00:00",14.2125694444444,14.2125694444444
"846",2010-10-07,"2010-10-07 12:00:00",13.8928472222222,13.8928472222222
"847",2010-10-08,"2010-10-08 12:00:00",14.1543055555556,14.1543055555556
"848",2010-10-09,"2010-10-09 12:00:00",13.1485416666667,13.1485416666667
"849",2010-10-10,"2010-10-10 12:00:00",12.7215972222222,12.7215972222222
"850",2010-10-11,"2010-10-11 12:00:00",13.1122916666667,13.1122916666667
"851",2010-10-12,"2010-10-12 12:00:00",12.5870833333333,12.5870833333333
"852",2010-10-13,"2010-10-13 12:00:00",12.3525,12.3525
"853",2010-10-14,"2010-10-14 12:00:00",12.325,12.325
"854",2010-10-15,"2010-10-15 12:00:00",10.521875,10.521875
"855",2010-10-16,"2010-10-16 12:00:00",10.75375,10.75375
"856",2010-10-17,"2010-10-17 12:00:00",11.1738194444444,11.1738194444444
"857",2010-10-18,"2010-10-18 12:00:00",10.645,10.645
"858",2010-10-19,"2010-10-19 12:00:00",9.90201388888889,9.90201388888889
"859",2010-10-20,"2010-10-20 12:00:00",10.6893055555556,10.6893055555556
"860",2010-10-21,"2010-10-21 12:00:00",10.2122916666667,10.2122916666667
"861",2010-10-22,"2010-10-22 12:00:00",8.74368055555555,8.74368055555555
"862",2010-10-23,"2010-10-23 12:00:00",8.84701388888889,8.84701388888889
"863",2010-10-24,"2010-10-24 12:00:00",8.60645833333333,8.60645833333333
"864",2021-06-07,"2021-06-07 12:00:00",20.0730796511628,20.0730796511628
"865",2021-06-08,"2021-06-08 12:00:00",21.3112961111111,21.3112961111111
"866",2021-06-09,"2021-06-09 12:00:00",22.0656747916667,22.0656747916667
"867",2021-06-10,"2021-06-10 12:00:00",21.5522786111111,21.5522786111111
"868",2021-06-11,"2021-06-11 12:00:00",20.9254899305556,20.9254899305556
"869",2021-06-12,"2021-06-12 12:00:00",20.4316291666667,20.4316291666667
"870",2021-06-13,"2021-06-13 12:00:00",20.8310452083333,20.8310452083333
"871",2021-06-14,"2021-06-14 12:00:00",20.388185,20.388185
"872",2021-06-15,"2021-06-15 12:00:00",20.5099328472222,20.5099328472222
"873",2021-06-16,"2021-06-16 12:00:00",20.1804780985915,20.1804780985915
"874",2021-06-17,"2021-06-17 12:00:00",19.7458373611111,19.7458373611111
"875",2021-06-18,"2021-06-18 12:00:00",19.9320066666667,19.9320066666667
"876",2021-06-19,"2021-06-19 12:00:00",20.2967275,20.2967275
"877",2021-06-20,"2021-06-20 12:00:00",20.9475084722222,20.9475084722222
"878",2021-06-21,"2021-06-21 12:00:00",21.4704130555556,21.4704130555556
"879",2021-06-22,"2021-06-22 12:00:00",21.6142254861111,21.6142254861111
"880",2021-06-23,"2021-06-23 12:00:00",20.9840400694444,20.9840400694444
"881",2021-06-24,"2021-06-24 12:00:00",20.9623859722222,20.9623859722222
"882",2021-06-25,"2021-06-25 12:00:00",20.7954229861111,20.7954229861111
"883",2021-06-26,"2021-06-26 12:00:00",20.7773319444444,20.7773319444444
"884",2021-06-27,"2021-06-27 12:00:00",21.3553822222222,21.3553822222222
"885",2021-06-28,"2021-06-28 12:00:00",22.216538125,22.216538125
"886",2021-06-29,"2021-06-29 12:00:00",23.2091513194444,23.2091513194444
"887",2021-06-30,"2021-06-30 12:00:00",23.8783564788732,23.8783564788732
"888",2021-07-01,"2021-07-01 12:00:00",23.8881039583333,23.8881039583333
"889",2021-07-02,"2021-07-02 12:00:00",23.0700581944444,23.0700581944444
"890",2021-07-03,"2021-07-03 12:00:00",21.71994,21.71994
"891",2021-07-04,"2021-07-04 12:00:00",21.2763047222222,21.2763047222222
"892",2021-07-05,"2021-07-05 12:00:00",21.469971875,21.469971875
"893",2021-07-06,"2021-07-06 12:00:00",21.7504456944444,21.7504456944444
"894",2021-07-07,"2021-07-07 12:00:00",22.50555625,22.50555625
"895",2021-07-08,"2021-07-08 12:00:00",22.2150273611111,22.2150273611111
"896",2021-07-09,"2021-07-09 12:00:00",21.5451561805556,21.5451561805556
"897",2021-07-10,"2021-07-10 12:00:00",21.8623154861111,21.8623154861111
"898",2021-07-11,"2021-07-11 12:00:00",22.0336370833333,22.0336370833333
"899",2021-07-12,"2021-07-12 12:00:00",21.8703371527778,21.8703371527778
"900",2021-07-13,"2021-07-13 12:00:00",21.5606682638889,21.5606682638889
"901",2021-07-14,"2021-07-14 12:00:00",21.5339155555556,21.5339155555556
"902",2021-07-15,"2021-07-15 12:00:00",22.1494304861111,22.1494304861111
"903",2021-07-16,"2021-07-16 12:00:00",22.5483294444444,22.5483294444444
"904",2021-07-17,"2021-07-17 12:00:00",23.0610555555556,23.0610555555556
"905",2021-07-18,"2021-07-18 12:00:00",22.7419948611111,22.7419948611111
"906",2021-07-19,"2021-07-19 12:00:00",22.3738665972222,22.3738665972222
"907",2021-07-20,"2021-07-20 12:00:00",22.5889140277778,22.5889140277778
"908",2021-07-21,"2021-07-21 12:00:00",22.576075625,22.576075625
"909",2021-07-22,"2021-07-22 12:00:00",22.3311789583333,22.3311789583333
"910",2021-07-23,"2021-07-23 12:00:00",22.3260508510638,22.3260508510638
"911",2021-07-24,"2021-07-24 12:00:00",22.58657125,22.58657125
"912",2021-07-25,"2021-07-25 12:00:00",22.4461690277778,22.4461690277778
"913",2021-07-26,"2021-07-26 12:00:00",22.7735923611111,22.7735923611111
"914",2021-07-27,"2021-07-27 12:00:00",23.0480143055556,23.0480143055556
"915",2021-07-28,"2021-07-28 12:00:00",22.9933945833333,22.9933945833333
"916",2021-07-29,"2021-07-29 12:00:00",22.8136344444444,22.8136344444444
"917",2021-07-30,"2021-07-30 12:00:00",22.2454214583333,22.2454214583333
"918",2021-07-31,"2021-07-31 12:00:00",21.6623406944444,21.6623406944444
"919",2021-08-01,"2021-08-01 12:00:00",21.5206532638889,21.5206532638889
"920",2021-08-02,"2021-08-02 12:00:00",21.3324401388889,21.3324401388889
"921",2021-08-03,"2021-08-03 12:00:00",21.396010141844,21.396010141844
"922",2021-08-04,"2021-08-04 12:00:00",21.5682734027778,21.5682734027778
"923",2021-08-05,"2021-08-05 12:00:00",21.6608022916667,21.6608022916667
"924",2021-08-06,"2021-08-06 12:00:00",21.98759625,21.98759625
"925",2021-08-07,"2021-08-07 12:00:00",22.4234854166667,22.4234854166667
"926",2021-08-08,"2021-08-08 12:00:00",23.2346511111111,23.2346511111111
"927",2021-08-09,"2021-08-09 12:00:00",23.6605885416667,23.6605885416667
"928",2021-08-10,"2021-08-10 12:00:00",23.6822115972222,23.6822115972222
"929",2021-08-11,"2021-08-11 12:00:00",24.1842950694444,24.1842950694444
"930",2021-08-12,"2021-08-12 12:00:00",24.8224354166667,24.8224354166667
"931",2021-08-13,"2021-08-13 12:00:00",25.4254749305556,25.4254749305556
"932",2021-08-14,"2021-08-14 12:00:00",25.7520488888889,25.7520488888889
"933",2021-08-15,"2021-08-15 12:00:00",25.0141080555556,25.0141080555556
"934",2021-08-16,"2021-08-16 12:00:00",24.5936875694444,24.5936875694444
"935",2021-08-17,"2021-08-17 12:00:00",24.3839778472222,24.3839778472222
"936",2021-08-18,"2021-08-18 12:00:00",24.3340347222222,24.3340347222222
"937",2021-08-19,"2021-08-19 12:00:00",24.154499375,24.154499375
"938",2021-08-20,"2021-08-20 12:00:00",24.36601,24.36601
"939",2021-08-21,"2021-08-21 12:00:00",24.8737522222222,24.8737522222222
"940",2021-08-22,"2021-08-22 12:00:00",24.4171580555556,24.4171580555556
"941",2021-08-23,"2021-08-23 12:00:00",23.9130273611111,23.9130273611111
"942",2021-08-24,"2021-08-24 12:00:00",24.2573183333333,24.2573183333333
"943",2021-08-25,"2021-08-25 12:00:00",24.5948880555556,24.5948880555556
"944",2021-08-26,"2021-08-26 12:00:00",25.0409089583333,25.0409089583333
"945",2021-08-27,"2021-08-27 12:00:00",25.5382061805556,25.5382061805556
"946",2021-08-28,"2021-08-28 12:00:00",24.4923183333333,24.4923183333333
"947",2021-08-29,"2021-08-29 12:00:00",23.533540625,23.533540625
"948",2021-08-30,"2021-08-30 12:00:00",23.3181698611111,23.3181698611111
"949",2021-08-31,"2021-08-31 12:00:00",23.1801640277778,23.1801640277778
"950",2021-09-01,"2021-09-01 12:00:00",22.8973747222222,22.8973747222222
"951",2021-09-02,"2021-09-02 12:00:00",22.369316875,22.369316875
"952",2021-09-03,"2021-09-03 12:00:00",21.8379358333333,21.8379358333333
"953",2021-09-04,"2021-09-04 12:00:00",21.4804811111111,21.4804811111111
"954",2021-09-05,"2021-09-05 12:00:00",21.2559997916667,21.2559997916667
"955",2021-09-06,"2021-09-06 12:00:00",21.1753136111111,21.1753136111111
"956",2021-09-07,"2021-09-07 12:00:00",21.0634603472222,21.0634603472222
"957",2021-09-08,"2021-09-08 12:00:00",21.0335080555556,21.0335080555556
"958",2021-09-09,"2021-09-09 12:00:00",21.130554375,21.130554375
"959",2021-09-10,"2021-09-10 12:00:00",20.8583833333333,20.8583833333333
"960",2021-09-11,"2021-09-11 12:00:00",20.4255823611111,20.4255823611111
"961",2021-09-12,"2021-09-12 12:00:00",20.2845119444444,20.2845119444444
"962",2021-09-13,"2021-09-13 12:00:00",20.4679028472222,20.4679028472222
"963",2021-09-14,"2021-09-14 12:00:00",20.5277547222222,20.5277547222222
"964",2021-09-15,"2021-09-15 12:00:00",20.5891674305556,20.5891674305556
"965",2021-09-16,"2021-09-16 12:00:00",20.6688322916667,20.6688322916667
"966",2021-09-17,"2021-09-17 12:00:00",20.4367725694444,20.4367725694444
"967",2021-09-18,"2021-09-18 12:00:00",20.7106500694444,20.7106500694444
"968",2021-09-19,"2021-09-19 12:00:00",20.5307209722222,20.5307209722222
"969",2021-09-20,"2021-09-20 12:00:00",20.4847631205674,20.4847631205674
"970",2021-09-21,"2021-09-21 12:00:00",20.2172436111111,20.2172436111111
"971",2021-09-22,"2021-09-22 12:00:00",20.2250336805556,20.2250336805556
"972",2021-09-23,"2021-09-23 12:00:00",20.3569302777778,20.3569302777778
"973",2021-09-24,"2021-09-24 12:00:00",20.3906514583333,20.3906514583333
"974",2021-09-25,"2021-09-25 12:00:00",20.4133017361111,20.4133017361111
"975",2021-09-26,"2021-09-26 12:00:00",20.1580240277778,20.1580240277778
"976",2021-09-27,"2021-09-27 12:00:00",19.7249483333333,19.7249483333333
"977",2021-09-28,"2021-09-28 12:00:00",19.5294304861111,19.5294304861111
"978",2021-09-29,"2021-09-29 12:00:00",19.0697446527778,19.0697446527778
"979",2021-09-30,"2021-09-30 12:00:00",18.5732752083333,18.5732752083333
"980",2021-10-01,"2021-10-01 12:00:00",18.1060716666667,18.1060716666667
"981",2021-10-02,"2021-10-02 12:00:00",17.8054147222222,17.8054147222222
"982",2021-10-03,"2021-10-03 12:00:00",17.6596764583333,17.6596764583333
"983",2021-10-04,"2021-10-04 12:00:00",17.3618335416667,17.3618335416667
"984",2021-10-05,"2021-10-05 12:00:00",17.1495200694444,17.1495200694444
"985",2021-10-06,"2021-10-06 12:00:00",17.2354217361111,17.2354217361111
"986",2021-10-07,"2021-10-07 12:00:00",17.3607810416667,17.3607810416667
"987",2021-10-08,"2021-10-08 12:00:00",17.488165625,17.488165625
"988",2021-10-09,"2021-10-09 12:00:00",17.0332504861111,17.0332504861111
"989",2021-10-10,"2021-10-10 12:00:00",16.721128125,16.721128125
"990",2021-10-11,"2021-10-11 12:00:00",16.9408763194444,16.9408763194444
"991",2021-10-12,"2021-10-12 12:00:00",17.1049149305556,17.1049149305556
"992",2021-10-13,"2021-10-13 12:00:00",17.2974491666667,17.2974491666667
"993",2021-10-14,"2021-10-14 12:00:00",17.2418963888889,17.2418963888889
"994",2021-10-15,"2021-10-15 12:00:00",17.4750798611111,17.4750798611111
"995",2021-10-16,"2021-10-16 12:00:00",17.4664990972222,17.4664990972222
"996",2021-10-17,"2021-10-17 12:00:00",17.0400014583333,17.0400014583333
"997",2021-10-18,"2021-10-18 12:00:00",16.5285352083333,16.5285352083333
"998",2022-04-26,"2022-04-26 12:00:00",6.82423792207792,6.82423792207792
"999",2022-04-27,"2022-04-27 12:00:00",6.75444447222222,6.75444447222222
"1000",2022-04-28,"2022-04-28 12:00:00",6.42458229166667,6.42458229166667
"1001",2022-04-29,"2022-04-29 12:00:00",6.42353392361111,6.42353392361111
"1002",2022-04-30,"2022-04-30 12:00:00",6.63826110416667,6.63826110416667
"1003",2022-05-01,"2022-05-01 12:00:00",7.36456724305556,7.36456724305556
"1004",2022-05-02,"2022-05-02 12:00:00",7.56907718055556,7.56907718055556
"1005",2022-05-03,"2022-05-03 12:00:00",7.63892549305556,7.63892549305556
"1006",2022-05-04,"2022-05-04 12:00:00",7.72877457638889,7.72877457638889
"1007",2022-05-05,"2022-05-05 12:00:00",8.07043838194445,8.07043838194445
"1008",2022-05-06,"2022-05-06 12:00:00",8.33765818055556,8.33765818055556
"1009",2022-05-07,"2022-05-07 12:00:00",8.35022525,8.35022525
"1010",2022-05-08,"2022-05-08 12:00:00",8.25907473611111,8.25907473611111
"1011",2022-05-09,"2022-05-09 12:00:00",8.4822921875,8.4822921875
"1012",2022-05-10,"2022-05-10 12:00:00",8.97857559722222,8.97857559722222
"1013",2022-05-11,"2022-05-11 12:00:00",10.0452500416667,10.0452500416667
"1014",2022-05-12,"2022-05-12 12:00:00",11.3936774305556,11.3936774305556
"1015",2022-05-13,"2022-05-13 12:00:00",12.6456385416667,12.6456385416667
"1016",2022-05-14,"2022-05-14 12:00:00",14.3637820833333,14.3637820833333
"1017",2022-05-15,"2022-05-15 12:00:00",15.9469934722222,15.9469934722222
"1018",2022-05-16,"2022-05-16 12:00:00",16.5940229166667,16.5940229166667
"1019",2022-05-17,"2022-05-17 12:00:00",14.8756413194444,14.8756413194444
"1020",2022-05-18,"2022-05-18 12:00:00",14.6803111805556,14.6803111805556
"1021",2022-05-19,"2022-05-19 12:00:00",13.8693596527778,13.8693596527778
"1022",2022-05-20,"2022-05-20 12:00:00",14.0255922916667,14.0255922916667
"1023",2022-05-21,"2022-05-21 12:00:00",14.8514710416667,14.8514710416667
"1024",2022-05-22,"2022-05-22 12:00:00",15.9887902083333,15.9887902083333
"1025",2022-05-23,"2022-05-23 12:00:00",15.8831000694444,15.8831000694444
"1026",2022-05-24,"2022-05-24 12:00:00",15.8057960416667,15.8057960416667
"1027",2022-05-25,"2022-05-25 12:00:00",16.4321486805556,16.4321486805556
"1028",2022-05-26,"2022-05-26 12:00:00",16.3685186805556,16.3685186805556
"1029",2022-05-27,"2022-05-27 12:00:00",16.6788595138889,16.6788595138889
"1030",2022-05-28,"2022-05-28 12:00:00",17.3170051388889,17.3170051388889
"1031",2022-05-29,"2022-05-29 12:00:00",17.9341853472222,17.9341853472222
"1032",2022-05-30,"2022-05-30 12:00:00",18.3423727777778,18.3423727777778
"1033",2022-05-31,"2022-05-31 12:00:00",19.1874879166667,19.1874879166667
"1034",2022-06-01,"2022-06-01 12:00:00",18.7731511805556,18.7731511805556
"1035",2022-06-02,"2022-06-02 12:00:00",18.5897251388889,18.5897251388889
"1036",2022-06-03,"2022-06-03 12:00:00",18.5287647916667,18.5287647916667
"1037",2022-06-04,"2022-06-04 12:00:00",18.7550157638889,18.7550157638889
"1038",2022-06-05,"2022-06-05 12:00:00",18.5210170138889,18.5210170138889
"1039",2022-06-06,"2022-06-06 12:00:00",19.0854258333333,19.0854258333333
"1040",2022-06-07,"2022-06-07 12:00:00",19.2398833333333,19.2398833333333
"1041",2022-06-08,"2022-06-08 12:00:00",19.1776081944444,19.1776081944444
"1042",2022-06-09,"2022-06-09 12:00:00",18.9928530555556,18.9928530555556
"1043",2022-06-10,"2022-06-10 12:00:00",18.719959375,18.719959375
"1044",2022-06-11,"2022-06-11 12:00:00",18.8225027777778,18.8225027777778
"1045",2022-06-12,"2022-06-12 12:00:00",19.0842990277778,19.0842990277778
"1046",2022-06-13,"2022-06-13 12:00:00",19.5999654861111,19.5999654861111
"1047",2022-06-14,"2022-06-14 12:00:00",19.8278288888889,19.8278288888889
"1048",2022-06-15,"2022-06-15 12:00:00",20.3634764583333,20.3634764583333
"1049",2022-06-16,"2022-06-16 12:00:00",20.2723932638889,20.2723932638889
"1050",2022-06-17,"2022-06-17 12:00:00",20.3166415277778,20.3166415277778
"1051",2022-06-18,"2022-06-18 12:00:00",19.5900954861111,19.5900954861111
"1052",2022-06-19,"2022-06-19 12:00:00",18.4816845138889,18.4816845138889
"1053",2022-06-20,"2022-06-20 12:00:00",18.2923914583333,18.2923914583333
"1054",2022-06-21,"2022-06-21 12:00:00",18.5481953472222,18.5481953472222
"1055",2022-06-22,"2022-06-22 12:00:00",18.3780985416667,18.3780985416667
"1056",2022-06-23,"2022-06-23 12:00:00",18.3816569444444,18.3816569444444
"1057",2022-06-24,"2022-06-24 12:00:00",19.0293565277778,19.0293565277778
"1058",2022-06-25,"2022-06-25 12:00:00",20.0901852083333,20.0901852083333
"1059",2022-06-26,"2022-06-26 12:00:00",21.1449042361111,21.1449042361111
"1060",2022-06-27,"2022-06-27 12:00:00",20.8962846527778,20.8962846527778
"1061",2022-06-28,"2022-06-28 12:00:00",21.4564831944444,21.4564831944444
"1062",2022-06-29,"2022-06-29 12:00:00",21.6426632624113,21.6426632624113
"1063",2022-06-30,"2022-06-30 12:00:00",21.6027788888889,21.6027788888889
"1064",2022-07-01,"2022-07-01 12:00:00",21.9104263194444,21.9104263194444
"1065",2022-07-02,"2022-07-02 12:00:00",22.2303918055556,22.2303918055556
"1066",2022-07-03,"2022-07-03 12:00:00",22.3421951388889,22.3421951388889
"1067",2022-07-04,"2022-07-04 12:00:00",22.256878125,22.256878125
"1068",2022-07-05,"2022-07-05 12:00:00",22.0823389583333,22.0823389583333
"1069",2022-07-06,"2022-07-06 12:00:00",21.8810147916667,21.8810147916667
"1070",2022-07-07,"2022-07-07 12:00:00",22.0411391666667,22.0411391666667
"1071",2022-07-08,"2022-07-08 12:00:00",22.1494433333333,22.1494433333333
"1072",2022-07-09,"2022-07-09 12:00:00",22.4309716666667,22.4309716666667
"1073",2022-07-10,"2022-07-10 12:00:00",22.5648029166667,22.5648029166667
"1074",2022-07-11,"2022-07-11 12:00:00",22.6805664583333,22.6805664583333
"1075",2022-07-12,"2022-07-12 12:00:00",22.5223525,22.5223525
"1076",2022-07-13,"2022-07-13 12:00:00",23.1380495774648,23.1380495774648
"1077",2022-07-14,"2022-07-14 12:00:00",23.2907784027778,23.2907784027778
"1078",2022-07-15,"2022-07-15 12:00:00",23.4411663888889,23.4411663888889
"1079",2022-07-16,"2022-07-16 12:00:00",23.4685525694444,23.4685525694444
"1080",2022-07-17,"2022-07-17 12:00:00",23.5607868055556,23.5607868055556
"1081",2022-07-18,"2022-07-18 12:00:00",23.5293109722222,23.5293109722222
"1082",2022-07-19,"2022-07-19 12:00:00",23.7881307092199,23.7881307092199
"1083",2022-07-20,"2022-07-20 12:00:00",24.3685509027778,24.3685509027778
"1084",2022-07-21,"2022-07-21 12:00:00",25.0720226388889,25.0720226388889
"1085",2022-07-22,"2022-07-22 12:00:00",24.9290225,24.9290225
"1086",2022-07-23,"2022-07-23 12:00:00",25.1752425,25.1752425
"1087",2022-07-24,"2022-07-24 12:00:00",25.4766711111111,25.4766711111111
"1088",2022-07-25,"2022-07-25 12:00:00",25.5004361805556,25.5004361805556
"1089",2022-07-26,"2022-07-26 12:00:00",24.9618320833333,24.9618320833333
"1090",2022-07-27,"2022-07-27 12:00:00",24.9577482638889,24.9577482638889
"1091",2022-07-28,"2022-07-28 12:00:00",24.9987159722222,24.9987159722222
"1092",2022-07-29,"2022-07-29 12:00:00",24.9156063194444,24.9156063194444
"1093",2022-07-30,"2022-07-30 12:00:00",24.8196630555556,24.8196630555556
"1094",2022-07-31,"2022-07-31 12:00:00",24.613813125,24.613813125
"1095",2022-08-01,"2022-08-01 12:00:00",24.8104534722222,24.8104534722222
"1096",2022-08-02,"2022-08-02 12:00:00",24.9736504861111,24.9736504861111
"1097",2022-08-03,"2022-08-03 12:00:00",25.2952743055556,25.2952743055556
"1098",2022-08-04,"2022-08-04 12:00:00",25.6067105555556,25.6067105555556
"1099",2022-08-05,"2022-08-05 12:00:00",25.7699388194444,25.7699388194444
"1100",2022-08-06,"2022-08-06 12:00:00",26.3651370138889,26.3651370138889
"1101",2022-08-07,"2022-08-07 12:00:00",26.3681679861111,26.3681679861111
"1102",2022-08-08,"2022-08-08 12:00:00",26.4688551388889,26.4688551388889
"1103",2022-08-09,"2022-08-09 12:00:00",26.5958732638889,26.5958732638889
"1104",2022-08-10,"2022-08-10 12:00:00",26.2438429166667,26.2438429166667
"1105",2022-08-11,"2022-08-11 12:00:00",26.0518688888889,26.0518688888889
"1106",2022-08-12,"2022-08-12 12:00:00",25.4070045138889,25.4070045138889
"1107",2022-08-13,"2022-08-13 12:00:00",24.7171988194444,24.7171988194444
"1108",2022-08-14,"2022-08-14 12:00:00",24.4864611805556,24.4864611805556
"1109",2022-08-15,"2022-08-15 12:00:00",24.471294375,24.471294375
"1110",2022-08-16,"2022-08-16 12:00:00",24.3385781944444,24.3385781944444
"1111",2022-08-17,"2022-08-17 12:00:00",24.0843925,24.0843925
"1112",2022-08-18,"2022-08-18 12:00:00",23.4219365277778,23.4219365277778
"1113",2022-08-19,"2022-08-19 12:00:00",23.21403125,23.21403125
"1114",2022-08-20,"2022-08-20 12:00:00",23.5487032638889,23.5487032638889
"1115",2022-08-21,"2022-08-21 12:00:00",23.8455684027778,23.8455684027778
"1116",2022-08-22,"2022-08-22 12:00:00",23.6456022222222,23.6456022222222
"1117",2022-08-23,"2022-08-23 12:00:00",23.5425608333333,23.5425608333333
"1118",2022-08-24,"2022-08-24 12:00:00",23.7416511111111,23.7416511111111
"1119",2022-08-25,"2022-08-25 12:00:00",24.0417510416667,24.0417510416667
"1120",2022-08-26,"2022-08-26 12:00:00",24.0413157638889,24.0413157638889
"1121",2022-08-27,"2022-08-27 12:00:00",23.8508057638889,23.8508057638889
"1122",2022-08-28,"2022-08-28 12:00:00",23.7931982638889,23.7931982638889
"1123",2022-08-29,"2022-08-29 12:00:00",23.8043631944444,23.8043631944444
"1124",2022-08-30,"2022-08-30 12:00:00",23.9861021527778,23.9861021527778
"1125",2022-08-31,"2022-08-31 12:00:00",24.0895558333333,24.0895558333333
"1126",2022-09-01,"2022-09-01 12:00:00",23.6406747916667,23.6406747916667
"1127",2022-09-02,"2022-09-02 12:00:00",23.0902534722222,23.0902534722222
"1128",2022-09-03,"2022-09-03 12:00:00",23.1286113888889,23.1286113888889
"1129",2022-09-04,"2022-09-04 12:00:00",23.3297109027778,23.3297109027778
"1130",2022-09-05,"2022-09-05 12:00:00",22.9067041666667,22.9067041666667
"1131",2022-09-06,"2022-09-06 12:00:00",22.1513344444444,22.1513344444444
"1132",2022-09-07,"2022-09-07 12:00:00",21.8093479861111,21.8093479861111
"1133",2022-09-08,"2022-09-08 12:00:00",21.9078044444444,21.9078044444444
"1134",2022-09-09,"2022-09-09 12:00:00",22.0464284027778,22.0464284027778
"1135",2022-09-10,"2022-09-10 12:00:00",22.2288170833333,22.2288170833333
"1136",2022-09-11,"2022-09-11 12:00:00",22.1737258333333,22.1737258333333
"1137",2022-09-12,"2022-09-12 12:00:00",22.204359375,22.204359375
"1138",2022-09-13,"2022-09-13 12:00:00",22.2749334027778,22.2749334027778
"1139",2022-09-14,"2022-09-14 12:00:00",21.9626547916667,21.9626547916667
"1140",2022-09-15,"2022-09-15 12:00:00",21.3482023611111,21.3482023611111
"1141",2022-09-16,"2022-09-16 12:00:00",20.6341975,20.6341975
"1142",2022-09-17,"2022-09-17 12:00:00",20.3326410416667,20.3326410416667
"1143",2022-09-18,"2022-09-18 12:00:00",20.137205,20.137205
"1144",2022-09-19,"2022-09-19 12:00:00",19.92672625,19.92672625
"1145",2022-09-20,"2022-09-20 12:00:00",19.6672668055556,19.6672668055556
"1146",2022-09-21,"2022-09-21 12:00:00",19.5041720138889,19.5041720138889
"1147",2022-09-22,"2022-09-22 12:00:00",19.3075352083333,19.3075352083333
"1148",2022-09-23,"2022-09-23 12:00:00",18.473889375,18.473889375
"1149",2022-09-24,"2022-09-24 12:00:00",17.6726099305556,17.6726099305556
"1150",2022-09-25,"2022-09-25 12:00:00",17.3804334027778,17.3804334027778
"1151",2022-09-26,"2022-09-26 12:00:00",17.3243990277778,17.3243990277778
"1152",2022-09-27,"2022-09-27 12:00:00",17.1965992361111,17.1965992361111
"1153",2022-09-28,"2022-09-28 12:00:00",17.0670559027778,17.0670559027778
"1154",2022-09-29,"2022-09-29 12:00:00",16.7629775694444,16.7629775694444
"1155",2022-09-30,"2022-09-30 12:00:00",16.5467572222222,16.5467572222222
"1156",2022-10-01,"2022-10-01 12:00:00",16.4693945138889,16.4693945138889
"1157",2022-10-02,"2022-10-02 12:00:00",16.1955947916667,16.1955947916667
"1158",2022-10-03,"2022-10-03 12:00:00",15.9534809722222,15.9534809722222
"1159",2022-10-04,"2022-10-04 12:00:00",15.7398339583333,15.7398339583333
"1160",2022-10-05,"2022-10-05 12:00:00",15.6483493055556,15.6483493055556
"1161",2022-10-06,"2022-10-06 12:00:00",15.9566967361111,15.9566967361111
"1162",2022-10-07,"2022-10-07 12:00:00",15.9807894444444,15.9807894444444
"1163",2022-10-08,"2022-10-08 12:00:00",15.3793440972222,15.3793440972222
"1164",2022-10-09,"2022-10-09 12:00:00",15.110724375,15.110724375
"1165",2022-10-10,"2022-10-10 12:00:00",14.8570419444444,14.8570419444444
"1166",2022-10-11,"2022-10-11 12:00:00",14.6814709027778,14.6814709027778
"1167",2022-10-12,"2022-10-12 12:00:00",14.6162567361111,14.6162567361111
"1168",2022-10-13,"2022-10-13 12:00:00",14.493319375,14.493319375
"1169",2022-10-14,"2022-10-14 12:00:00",14.4955063194444,14.4955063194444
"1170",2022-10-15,"2022-10-15 12:00:00",14.4648658333333,14.4648658333333
"1171",2022-10-16,"2022-10-16 12:00:00",14.4022572916667,14.4022572916667
