"","day","DateTime","daily_mean_temp","temp_0.5"
"1",2007-08-28,"2007-08-28 12:00:00",22.9730555555556,22.9730555555556
"2",2007-08-29,"2007-08-29 12:00:00",23.1780555555556,23.1780555555556
"3",2007-08-30,"2007-08-30 12:00:00",23.4906944444444,23.4906944444444
"4",2007-08-31,"2007-08-31 12:00:00",23.1716666666667,23.1716666666667
"5",2007-09-01,"2007-09-01 12:00:00",22.1078472222222,22.1078472222222
"6",2007-09-02,"2007-09-02 12:00:00",21.6273611111111,21.6273611111111
"7",2007-09-03,"2007-09-03 12:00:00",21.169375,21.169375
"8",2007-09-04,"2007-09-04 12:00:00",21.045625,21.045625
"9",2007-09-05,"2007-09-05 12:00:00",20.9018881118881,20.9018881118881
"10",2007-09-06,"2007-09-06 12:00:00",20.7573770491803,20.7573770491803
"11",2007-09-07,"2007-09-07 12:00:00",20.9567361111111,20.9567361111111
"12",2007-09-08,"2007-09-08 12:00:00",21.3840277777778,21.3840277777778
"13",2007-09-09,"2007-09-09 12:00:00",21.5160416666667,21.5160416666667
"14",2007-09-10,"2007-09-10 12:00:00",20.9741549295775,20.9741549295775
"15",2007-09-11,"2007-09-11 12:00:00",20.48375,20.48375
"16",2007-09-12,"2007-09-12 12:00:00",19.9514583333333,19.9514583333333
"17",2007-09-13,"2007-09-13 12:00:00",19.9298611111111,19.9298611111111
"18",2007-09-14,"2007-09-14 12:00:00",19.6274125874126,19.6274125874126
"19",2007-09-15,"2007-09-15 12:00:00",19.2627972027972,19.2627972027972
"20",2007-09-16,"2007-09-16 12:00:00",18.8002797202797,18.8002797202797
"21",2007-09-17,"2007-09-17 12:00:00",18.9211805555556,18.9211805555556
"22",2007-09-18,"2007-09-18 12:00:00",18.8364084507042,18.8364084507042
"23",2007-09-19,"2007-09-19 12:00:00",19.1346527777778,19.1346527777778
"24",2007-09-20,"2007-09-20 12:00:00",19.0689583333333,19.0689583333333
"25",2007-09-21,"2007-09-21 12:00:00",19.8372916666667,19.8372916666667
"26",2007-09-22,"2007-09-22 12:00:00",19.520979020979,19.520979020979
"27",2007-09-23,"2007-09-23 12:00:00",19.0483333333333,19.0483333333333
"28",2007-09-24,"2007-09-24 12:00:00",18.8277083333333,18.8277083333333
"29",2007-09-25,"2007-09-25 12:00:00",18.7982638888889,18.7982638888889
"30",2007-09-26,"2007-09-26 12:00:00",19.2280555555556,19.2280555555556
"31",2007-09-27,"2007-09-27 12:00:00",19.8213194444444,19.8213194444444
"32",2007-09-28,"2007-09-28 12:00:00",19.7422222222222,19.7422222222222
"33",2007-09-29,"2007-09-29 12:00:00",19.1762237762238,19.1762237762238
"34",2007-09-30,"2007-09-30 12:00:00",18.8136805555556,18.8136805555556
"35",2007-10-01,"2007-10-01 12:00:00",18.4520833333333,18.4520833333333
"36",2007-10-02,"2007-10-02 12:00:00",18.33,18.33
"37",2007-10-03,"2007-10-03 12:00:00",18.2720987654321,18.2720987654321
"38",2007-10-05,"2007-10-05 12:00:00",18.7222556390977,18.7222556390977
"39",2007-10-06,"2007-10-06 12:00:00",19.0807638888889,19.0807638888889
"40",2007-10-07,"2007-10-07 12:00:00",18.7896527777778,18.7896527777778
"41",2007-10-08,"2007-10-08 12:00:00",18.2667832167832,18.2667832167832
"42",2007-10-09,"2007-10-09 12:00:00",17.9327083333333,17.9327083333333
"43",2007-10-10,"2007-10-10 12:00:00",17.42625,17.42625
"44",2007-10-11,"2007-10-11 12:00:00",17.1404861111111,17.1404861111111
"45",2007-10-12,"2007-10-12 12:00:00",16.6184722222222,16.6184722222222
"46",2007-10-13,"2007-10-13 12:00:00",15.9608391608392,15.9608391608392
"47",2007-10-14,"2007-10-14 12:00:00",15.4870833333333,15.4870833333333
"48",2007-10-15,"2007-10-15 12:00:00",15.0651048951049,15.0651048951049
"49",2007-10-16,"2007-10-16 12:00:00",14.780979020979,14.780979020979
"50",2007-10-17,"2007-10-17 12:00:00",14.5174305555556,14.5174305555556
"51",2007-10-18,"2007-10-18 12:00:00",14.7742361111111,14.7742361111111
"52",2007-10-19,"2007-10-19 12:00:00",14.6870138888889,14.6870138888889
"53",2007-10-20,"2007-10-20 12:00:00",14.594375,14.594375
"54",2007-10-21,"2007-10-21 12:00:00",14.41,14.41
"55",2007-10-22,"2007-10-22 12:00:00",14.6638194444444,14.6638194444444
"56",2007-10-23,"2007-10-23 12:00:00",14.5353472222222,14.5353472222222
"57",2007-10-24,"2007-10-24 12:00:00",14.4540277777778,14.4540277777778
"58",2007-10-25,"2007-10-25 12:00:00",14.3710416666667,14.3710416666667
"59",2007-10-26,"2007-10-26 12:00:00",14.1053846153846,14.1053846153846
"60",2007-10-27,"2007-10-27 12:00:00",13.8990277777778,13.8990277777778
"61",2007-10-28,"2007-10-28 12:00:00",13.5517482517483,13.5517482517483
"62",2007-10-29,"2007-10-29 12:00:00",12.8994444444444,12.8994444444444
"63",2007-10-30,"2007-10-30 12:00:00",12.6127272727273,12.6127272727273
"64",2007-10-31,"2007-10-31 12:00:00",12.4915972222222,12.4915972222222
"65",2007-11-01,"2007-11-01 12:00:00",12.1851388888889,12.1851388888889
"66",2007-11-02,"2007-11-02 12:00:00",11.9061111111111,11.9061111111111
"67",2007-11-03,"2007-11-03 12:00:00",11.5613888888889,11.5613888888889
"68",2007-11-05,"2007-11-05 12:00:00",10.9170833333333,10.9170833333333
"69",2007-11-06,"2007-11-06 12:00:00",10.6271527777778,10.6271527777778
"70",2007-11-07,"2007-11-07 12:00:00",10.3177777777778,10.3177777777778
"71",2007-11-08,"2007-11-08 12:00:00",10.0227083333333,10.0227083333333
"72",2007-11-09,"2007-11-09 12:00:00",9.76493055555556,9.76493055555556
"73",2007-11-10,"2007-11-10 12:00:00",9.48548611111111,9.48548611111111
"74",2007-11-11,"2007-11-11 12:00:00",9.05027777777778,9.05027777777778
"75",2007-11-12,"2007-11-12 12:00:00",8.74951388888889,8.74951388888889
"76",2007-11-13,"2007-11-13 12:00:00",8.66647887323944,8.66647887323944
"77",2007-11-14,"2007-11-14 12:00:00",8.60201388888889,8.60201388888889
"78",2007-11-15,"2007-11-15 12:00:00",8.6351048951049,8.6351048951049
"79",2007-11-16,"2007-11-16 12:00:00",8.26597222222222,8.26597222222222
"80",2007-11-17,"2007-11-17 12:00:00",7.83902777777778,7.83902777777778
"81",2007-11-18,"2007-11-18 12:00:00",7.54979166666667,7.54979166666667
"82",2007-11-19,"2007-11-19 12:00:00",7.3625,7.3625
"83",2007-11-20,"2007-11-20 12:00:00",7.00555555555556,7.00555555555556
"84",2007-11-21,"2007-11-21 12:00:00",6.86083333333333,6.86083333333333
"85",2007-11-22,"2007-11-22 12:00:00",6.82049645390071,6.82049645390071
"86",2007-11-23,"2007-11-23 12:00:00",6.47784722222222,6.47784722222222
"87",2007-11-24,"2007-11-24 12:00:00",6.05534722222222,6.05534722222222
"88",2007-11-25,"2007-11-25 12:00:00",5.7727972027972,5.7727972027972
"89",2007-11-26,"2007-11-26 12:00:00",5.64846153846154,5.64846153846154
"90",2007-11-27,"2007-11-27 12:00:00",5.68521126760563,5.68521126760563
"91",2007-11-28,"2007-11-28 12:00:00",5.37486111111111,5.37486111111111
"92",2007-11-29,"2007-11-29 12:00:00",5.26298611111111,5.26298611111111
"93",2007-11-30,"2007-11-30 12:00:00",4.93625,4.93625
"94",2007-12-01,"2007-12-01 12:00:00",4.48020833333333,4.48020833333333
"95",2007-12-02,"2007-12-02 12:00:00",4.05069444444444,4.05069444444444
"96",2007-12-03,"2007-12-03 12:00:00",3.48159722222222,3.48159722222222
"97",2007-12-04,"2007-12-04 12:00:00",3.14465277777778,3.14465277777778
"98",2007-12-05,"2007-12-05 12:00:00",2.89027777777778,2.89027777777778
"99",2007-12-06,"2007-12-06 12:00:00",2.59638888888889,2.59638888888889
"100",2007-12-07,"2007-12-07 12:00:00",2.22590277777778,2.22590277777778
"101",2007-12-08,"2007-12-08 12:00:00",2.27479166666667,2.27479166666667
"102",2007-12-09,"2007-12-09 12:00:00",1.68618055555556,1.68618055555556
"103",2007-12-10,"2007-12-10 12:00:00",1.34909722222222,1.34909722222222
"104",2007-12-11,"2007-12-11 12:00:00",0.816597222222222,0.816597222222222
"105",2007-12-12,"2007-12-12 12:00:00",2.02368055555556,2.02368055555556
"106",2007-12-13,"2007-12-13 12:00:00",1.53725274725275,1.53725274725275
"107",2007-12-20,"2007-12-20 12:00:00",0.520538461538462,0.520538461538462
"108",2007-12-21,"2007-12-21 12:00:00",0.511736111111111,0.511736111111111
"109",2007-12-22,"2007-12-22 12:00:00",0.404513888888889,0.404513888888889
"110",2007-12-23,"2007-12-23 12:00:00",0.36125,0.36125
"111",2007-12-24,"2007-12-24 12:00:00",0.494375,0.494375
"112",2007-12-25,"2007-12-25 12:00:00",0.715763888888889,0.715763888888889
"113",2007-12-26,"2007-12-26 12:00:00",0.75375,0.75375
"114",2007-12-27,"2007-12-27 12:00:00",0.801111111111111,0.801111111111111
"115",2007-12-28,"2007-12-28 12:00:00",0.652638888888889,0.652638888888889
"116",2007-12-29,"2007-12-29 12:00:00",0.627222222222222,0.627222222222222
"117",2007-12-30,"2007-12-30 12:00:00",0.731944444444444,0.731944444444444
"118",2007-12-31,"2007-12-31 12:00:00",0.706041666666667,0.706041666666667
"119",2008-01-01,"2008-01-01 12:00:00",0.444475524475524,0.444475524475524
"120",2008-01-02,"2008-01-02 12:00:00",0.221666666666667,0.221666666666667
"121",2008-01-03,"2008-01-03 12:00:00",0.196458333333333,0.196458333333333
"122",2008-01-04,"2008-01-04 12:00:00",0.223333333333333,0.223333333333333
"123",2008-01-05,"2008-01-05 12:00:00",0.198541666666667,0.198541666666667
"124",2008-01-06,"2008-01-06 12:00:00",0.151388888888889,0.151388888888889
"125",2008-01-07,"2008-01-07 12:00:00",0.190486111111111,0.190486111111111
"126",2008-01-08,"2008-01-08 12:00:00",0.366041666666667,0.366041666666667
"127",2008-01-09,"2008-01-09 12:00:00",0.613263888888889,0.613263888888889
"128",2008-01-10,"2008-01-10 12:00:00",0.749236111111111,0.749236111111111
"129",2008-01-11,"2008-01-11 12:00:00",0.461048951048951,0.461048951048951
"130",2008-01-12,"2008-01-12 12:00:00",0.675277777777778,0.675277777777778
"131",2008-01-13,"2008-01-13 12:00:00",0.733986013986014,0.733986013986014
"132",2008-01-14,"2008-01-14 12:00:00",0.442152777777778,0.442152777777778
"133",2008-01-15,"2008-01-15 12:00:00",0.327916666666667,0.327916666666667
"134",2008-01-16,"2008-01-16 12:00:00",0.194444444444444,0.194444444444444
"135",2008-01-17,"2008-01-17 12:00:00",0.0843055555555556,0.0843055555555556
"136",2008-01-18,"2008-01-18 12:00:00",0.0515277777777778,0.0515277777777778
"137",2008-01-19,"2008-01-19 12:00:00",0.0442361111111111,0.0442361111111111
"138",2008-01-20,"2008-01-20 12:00:00",-0.00395833333333333,-0.00395833333333333
"139",2008-01-21,"2008-01-21 12:00:00",-0.0249305555555556,-0.0249305555555556
"140",2008-01-22,"2008-01-22 12:00:00",-0.0236111111111111,-0.0236111111111111
"141",2008-01-23,"2008-01-23 12:00:00",-0.000208333333333334,-0.000208333333333334
"142",2008-01-24,"2008-01-24 12:00:00",-0.0244055944055944,-0.0244055944055944
"143",2008-01-25,"2008-01-25 12:00:00",-0.0302083333333333,-0.0302083333333333
"144",2008-01-26,"2008-01-26 12:00:00",-0.0279020979020979,-0.0279020979020979
"145",2008-01-27,"2008-01-27 12:00:00",-0.0253472222222222,-0.0253472222222222
"146",2008-01-28,"2008-01-28 12:00:00",-0.0452777777777778,-0.0452777777777778
"147",2008-01-29,"2008-01-29 12:00:00",-0.0338888888888889,-0.0338888888888889
"148",2008-02-03,"2008-02-03 12:00:00",-0.145149253731343,-0.145149253731343
"149",2008-02-04,"2008-02-04 12:00:00",-0.148125,-0.148125
"150",2008-02-05,"2008-02-05 12:00:00",-0.105625,-0.105625
"151",2008-02-06,"2008-02-06 12:00:00",-0.131805555555556,-0.131805555555556
"152",2008-02-07,"2008-02-07 12:00:00",-0.131944444444444,-0.131944444444444
"153",2008-02-08,"2008-02-08 12:00:00",-0.162777777777778,-0.162777777777778
"154",2008-02-09,"2008-02-09 12:00:00",-0.16972027972028,-0.16972027972028
"155",2008-02-10,"2008-02-10 12:00:00",-0.133888888888889,-0.133888888888889
"156",2008-02-11,"2008-02-11 12:00:00",-0.119791666666667,-0.119791666666667
"157",2008-02-12,"2008-02-12 12:00:00",-0.151805555555556,-0.151805555555556
"158",2008-02-13,"2008-02-13 12:00:00",-0.126944444444444,-0.126944444444444
"159",2008-02-14,"2008-02-14 12:00:00",-0.151875,-0.151875
"160",2008-02-15,"2008-02-15 12:00:00",-0.182777777777778,-0.182777777777778
"161",2008-02-16,"2008-02-16 12:00:00",-0.191180555555556,-0.191180555555556
"162",2008-02-17,"2008-02-17 12:00:00",-0.171597222222222,-0.171597222222222
"163",2008-02-18,"2008-02-18 12:00:00",-0.0165277777777778,-0.0165277777777778
"164",2008-02-19,"2008-02-19 12:00:00",-0.148819444444444,-0.148819444444444
"165",2008-02-20,"2008-02-20 12:00:00",-0.153472222222222,-0.153472222222222
"166",2008-02-21,"2008-02-21 12:00:00",-0.160972222222222,-0.160972222222222
"167",2008-02-22,"2008-02-22 12:00:00",-0.197847222222222,-0.197847222222222
"168",2008-02-23,"2008-02-23 12:00:00",-0.202430555555556,-0.202430555555556
"169",2008-02-24,"2008-02-24 12:00:00",-0.207569444444444,-0.207569444444444
"170",2008-02-25,"2008-02-25 12:00:00",-0.210138888888889,-0.210138888888889
"171",2008-02-26,"2008-02-26 12:00:00",-0.190277777777778,-0.190277777777778
"172",2008-02-27,"2008-02-27 12:00:00",-0.157986111111111,-0.157986111111111
"173",2008-02-28,"2008-02-28 12:00:00",-0.211944444444444,-0.211944444444444
"174",2008-02-29,"2008-02-29 12:00:00",-0.230972222222222,-0.230972222222222
"175",2008-03-01,"2008-03-01 12:00:00",-0.239722222222222,-0.239722222222222
"176",2008-03-02,"2008-03-02 12:00:00",-0.220902777777778,-0.220902777777778
"177",2008-03-03,"2008-03-03 12:00:00",-0.227638888888889,-0.227638888888889
"178",2008-03-04,"2008-03-04 12:00:00",-0.216458333333333,-0.216458333333333
"179",2008-03-05,"2008-03-05 12:00:00",-0.16625,-0.16625
"180",2008-03-06,"2008-03-06 12:00:00",-0.178263888888889,-0.178263888888889
"181",2008-03-07,"2008-03-07 12:00:00",-0.197916666666667,-0.197916666666667
"182",2008-03-08,"2008-03-08 12:00:00",-0.181678321678322,-0.181678321678322
"183",2008-03-09,"2008-03-09 12:00:00",-0.128333333333333,-0.128333333333333
"184",2008-03-10,"2008-03-10 12:00:00",-0.167847222222222,-0.167847222222222
"185",2008-03-11,"2008-03-11 12:00:00",-0.196180555555556,-0.196180555555556
"186",2008-03-12,"2008-03-12 12:00:00",-0.204722222222222,-0.204722222222222
"187",2008-03-13,"2008-03-13 12:00:00",-0.19125,-0.19125
"188",2008-03-14,"2008-03-14 12:00:00",-0.174861111111111,-0.174861111111111
"189",2008-03-15,"2008-03-15 12:00:00",-0.199583333333333,-0.199583333333333
"190",2008-03-16,"2008-03-16 12:00:00",-0.211458333333333,-0.211458333333333
"191",2008-03-17,"2008-03-17 12:00:00",-0.142222222222222,-0.142222222222222
"192",2008-03-18,"2008-03-18 12:00:00",-0.159791666666667,-0.159791666666667
"193",2008-03-19,"2008-03-19 12:00:00",-0.189930555555556,-0.189930555555556
"194",2008-03-20,"2008-03-20 12:00:00",-0.194166666666667,-0.194166666666667
"195",2008-03-21,"2008-03-21 12:00:00",-0.146111111111111,-0.146111111111111
"196",2008-03-22,"2008-03-22 12:00:00",-0.178125,-0.178125
"197",2008-03-23,"2008-03-23 12:00:00",-0.191875,-0.191875
"198",2008-03-24,"2008-03-24 12:00:00",-0.199652777777778,-0.199652777777778
"199",2008-03-25,"2008-03-25 12:00:00",-0.186153846153846,-0.186153846153846
"200",2008-03-26,"2008-03-26 12:00:00",-0.0322222222222222,-0.0322222222222222
"201",2008-03-27,"2008-03-27 12:00:00",-0.156180555555556,-0.156180555555556
"202",2008-03-28,"2008-03-28 12:00:00",-0.188611111111111,-0.188611111111111
"203",2008-03-29,"2008-03-29 12:00:00",-0.174930555555556,-0.174930555555556
"204",2008-03-30,"2008-03-30 12:00:00",-0.181608391608392,-0.181608391608392
"205",2008-03-31,"2008-03-31 12:00:00",-0.209375,-0.209375
"206",2008-04-01,"2008-04-01 12:00:00",0.310625,0.310625
"207",2008-04-02,"2008-04-02 12:00:00",0.310277777777778,0.310277777777778
"208",2008-04-03,"2008-04-03 12:00:00",0.0127777777777778,0.0127777777777778
"209",2008-04-04,"2008-04-04 12:00:00",-0.142083333333333,-0.142083333333333
"210",2008-04-05,"2008-04-05 12:00:00",-0.0195138888888889,-0.0195138888888889
"211",2008-04-06,"2008-04-06 12:00:00",-0.0948611111111111,-0.0948611111111111
"212",2008-04-07,"2008-04-07 12:00:00",0.177013888888889,0.177013888888889
"213",2008-04-08,"2008-04-08 12:00:00",-0.0111188811188811,-0.0111188811188811
"214",2008-04-09,"2008-04-09 12:00:00",0.084965034965035,0.084965034965035
"215",2008-04-10,"2008-04-10 12:00:00",0.53,0.53
"216",2008-04-11,"2008-04-11 12:00:00",-0.0590277777777778,-0.0590277777777778
"217",2008-04-12,"2008-04-12 12:00:00",0.458888888888889,0.458888888888889
"218",2008-04-13,"2008-04-13 12:00:00",0.932986111111111,0.932986111111111
"219",2008-04-14,"2008-04-14 12:00:00",0.827916666666667,0.827916666666667
"220",2008-04-15,"2008-04-15 12:00:00",0.863426573426573,0.863426573426573
"221",2008-04-16,"2008-04-16 12:00:00",0.820625,0.820625
"222",2008-04-17,"2008-04-17 12:00:00",1.20381944444444,1.20381944444444
"223",2008-04-18,"2008-04-18 12:00:00",1.74944055944056,1.74944055944056
"224",2008-04-19,"2008-04-19 12:00:00",2.26784722222222,2.26784722222222
"225",2008-04-20,"2008-04-20 12:00:00",2.43402777777778,2.43402777777778
"226",2008-04-21,"2008-04-21 12:00:00",3.25804195804196,3.25804195804196
"227",2008-04-22,"2008-04-22 12:00:00",5.32770833333333,5.32770833333333
"228",2008-04-23,"2008-04-23 12:00:00",4.74833333333333,4.74833333333333
"229",2008-04-24,"2008-04-24 12:00:00",4.19854166666667,4.19854166666667
"230",2008-04-25,"2008-04-25 12:00:00",5.24062937062937,5.24062937062937
"231",2008-04-26,"2008-04-26 12:00:00",5.51699300699301,5.51699300699301
"232",2008-04-27,"2008-04-27 12:00:00",5.56951388888889,5.56951388888889
"233",2008-04-28,"2008-04-28 12:00:00",5.34222222222222,5.34222222222222
"234",2008-04-29,"2008-04-29 12:00:00",5.34701388888889,5.34701388888889
"235",2008-04-30,"2008-04-30 12:00:00",5.44048611111111,5.44048611111111
"236",2008-05-01,"2008-05-01 12:00:00",5.61847222222222,5.61847222222222
"237",2008-05-02,"2008-05-02 12:00:00",5.63652777777778,5.63652777777778
"238",2008-05-03,"2008-05-03 12:00:00",5.55305555555555,5.55305555555555
"239",2008-05-04,"2008-05-04 12:00:00",5.73305555555556,5.73305555555556
"240",2008-05-05,"2008-05-05 12:00:00",6.80671428571429,6.80671428571429
"241",2008-05-06,"2008-05-06 12:00:00",7.84594405594406,7.84594405594406
"242",2008-05-07,"2008-05-07 12:00:00",7.75763888888889,7.75763888888889
"243",2008-05-08,"2008-05-08 12:00:00",7.41409722222222,7.41409722222222
"244",2008-05-09,"2008-05-09 12:00:00",8.65678321678322,8.65678321678322
"245",2008-05-10,"2008-05-10 12:00:00",8.98965277777778,8.98965277777778
"246",2008-05-11,"2008-05-11 12:00:00",9.50979020979021,9.50979020979021
"247",2008-05-12,"2008-05-12 12:00:00",8.78409722222222,8.78409722222222
"248",2008-05-13,"2008-05-13 12:00:00",9.61041666666667,9.61041666666667
"249",2008-05-14,"2008-05-14 12:00:00",10.4277777777778,10.4277777777778
"250",2008-05-15,"2008-05-15 12:00:00",10.8039583333333,10.8039583333333
"251",2008-05-16,"2008-05-16 12:00:00",11.24,11.24
"252",2008-05-17,"2008-05-17 12:00:00",11.0836111111111,11.0836111111111
"253",2008-05-18,"2008-05-18 12:00:00",11.0446153846154,11.0446153846154
"254",2008-05-19,"2008-05-19 12:00:00",10.3761971830986,10.3761971830986
"255",2008-05-20,"2008-05-20 12:00:00",10.7727777777778,10.7727777777778
"256",2008-05-21,"2008-05-21 12:00:00",10.9681690140845,10.9681690140845
"257",2008-05-22,"2008-05-22 12:00:00",11.01875,11.01875
"258",2008-05-23,"2008-05-23 12:00:00",11.0362237762238,11.0362237762238
"259",2008-05-24,"2008-05-24 12:00:00",10.9915384615385,10.9915384615385
"260",2008-05-25,"2008-05-25 12:00:00",11.9486713286713,11.9486713286713
"261",2008-05-26,"2008-05-26 12:00:00",12.030625,12.030625
"262",2008-05-27,"2008-05-27 12:00:00",12.5295833333333,12.5295833333333
"263",2008-05-28,"2008-05-28 12:00:00",12.5892361111111,12.5892361111111
"264",2008-05-29,"2008-05-29 12:00:00",12.6195138888889,12.6195138888889
"265",2008-05-30,"2008-05-30 12:00:00",13.8907638888889,13.8907638888889
"266",2008-05-31,"2008-05-31 12:00:00",13.9658333333333,13.9658333333333
"267",2008-06-01,"2008-06-01 12:00:00",14.0827777777778,14.0827777777778
"268",2008-06-02,"2008-06-02 12:00:00",14.5235416666667,14.5235416666667
"269",2008-06-03,"2008-06-03 12:00:00",15.1692361111111,15.1692361111111
"270",2008-06-04,"2008-06-04 12:00:00",15.1427777777778,15.1427777777778
"271",2008-06-05,"2008-06-05 12:00:00",14.8247222222222,14.8247222222222
"272",2008-06-06,"2008-06-06 12:00:00",14.6093055555556,14.6093055555556
"273",2008-06-07,"2008-06-07 12:00:00",15.6204861111111,15.6204861111111
"274",2008-06-08,"2008-06-08 12:00:00",16.6731944444444,16.6731944444444
"275",2008-06-09,"2008-06-09 12:00:00",19.7419444444444,19.7419444444444
"276",2008-06-10,"2008-06-10 12:00:00",21.6728472222222,21.6728472222222
"277",2008-06-11,"2008-06-11 12:00:00",21.0561111111111,21.0561111111111
"278",2008-06-12,"2008-06-12 12:00:00",20.2032638888889,20.2032638888889
"279",2008-06-13,"2008-06-13 12:00:00",20.5649305555556,20.5649305555556
"280",2008-06-14,"2008-06-14 12:00:00",20.8059027777778,20.8059027777778
"281",2008-06-15,"2008-06-15 12:00:00",20.3597202797203,20.3597202797203
"282",2008-06-16,"2008-06-16 12:00:00",20.0745138888889,20.0745138888889
"283",2008-06-17,"2008-06-17 12:00:00",20.07375,20.07375
"284",2008-06-18,"2008-06-18 12:00:00",19.76125,19.76125
"285",2008-06-19,"2008-06-19 12:00:00",19.8720138888889,19.8720138888889
"286",2008-06-20,"2008-06-20 12:00:00",19.7668055555556,19.7668055555556
"287",2008-06-21,"2008-06-21 12:00:00",20.2503496503497,20.2503496503497
"288",2008-06-22,"2008-06-22 12:00:00",20.4207638888889,20.4207638888889
"289",2008-06-23,"2008-06-23 12:00:00",20.0151388888889,20.0151388888889
"290",2008-06-24,"2008-06-24 12:00:00",20.0986805555556,20.0986805555556
"291",2008-06-25,"2008-06-25 12:00:00",20.0852777777778,20.0852777777778
"292",2008-06-26,"2008-06-26 12:00:00",19.8920833333333,19.8920833333333
"293",2008-06-27,"2008-06-27 12:00:00",20.4345833333333,20.4345833333333
"294",2008-06-28,"2008-06-28 12:00:00",20.2721527777778,20.2721527777778
"295",2008-06-29,"2008-06-29 12:00:00",20.38125,20.38125
"296",2008-06-30,"2008-06-30 12:00:00",20.8015384615385,20.8015384615385
"297",2008-07-01,"2008-07-01 12:00:00",21.4234027777778,21.4234027777778
"298",2008-07-02,"2008-07-02 12:00:00",21.8610416666667,21.8610416666667
"299",2008-07-03,"2008-07-03 12:00:00",21.6910416666667,21.6910416666667
"300",2008-07-04,"2008-07-04 12:00:00",22.2018055555556,22.2018055555556
"301",2008-07-05,"2008-07-05 12:00:00",22.5270629370629,22.5270629370629
"302",2008-07-06,"2008-07-06 12:00:00",22.9284722222222,22.9284722222222
"303",2008-07-07,"2008-07-07 12:00:00",23.4434027777778,23.4434027777778
"304",2008-07-08,"2008-07-08 12:00:00",23.8240972222222,23.8240972222222
"305",2008-07-09,"2008-07-09 12:00:00",24.2177777777778,24.2177777777778
"306",2008-07-10,"2008-07-10 12:00:00",24.2351388888889,24.2351388888889
"307",2008-07-11,"2008-07-11 12:00:00",23.5772222222222,23.5772222222222
"308",2008-07-12,"2008-07-12 12:00:00",23.4582638888889,23.4582638888889
"309",2008-07-13,"2008-07-13 12:00:00",23.1516083916084,23.1516083916084
"310",2008-07-14,"2008-07-14 12:00:00",23.0615277777778,23.0615277777778
"311",2008-07-15,"2008-07-15 12:00:00",23.113125,23.113125
"312",2008-07-16,"2008-07-16 12:00:00",23.5032638888889,23.5032638888889
"313",2008-07-17,"2008-07-17 12:00:00",24.0975694444444,24.0975694444444
"314",2008-07-18,"2008-07-18 12:00:00",24.2506944444444,24.2506944444444
"315",2008-07-19,"2008-07-19 12:00:00",23.9452777777778,23.9452777777778
"316",2008-07-20,"2008-07-20 12:00:00",23.854375,23.854375
"317",2008-07-21,"2008-07-21 12:00:00",23.6103472222222,23.6103472222222
"318",2008-07-22,"2008-07-22 12:00:00",23.5498611111111,23.5498611111111
"319",2008-07-23,"2008-07-23 12:00:00",22.9415972222222,22.9415972222222
"320",2008-07-24,"2008-07-24 12:00:00",22.3200694444444,22.3200694444444
"321",2008-07-25,"2008-07-25 12:00:00",22.5054166666667,22.5054166666667
"322",2008-07-26,"2008-07-26 12:00:00",22.753125,22.753125
"323",2008-07-27,"2008-07-27 12:00:00",22.6283333333333,22.6283333333333
"324",2008-07-28,"2008-07-28 12:00:00",22.8033333333333,22.8033333333333
"325",2008-07-29,"2008-07-29 12:00:00",22.9723611111111,22.9723611111111
"326",2008-07-30,"2008-07-30 12:00:00",23.1300694444444,23.1300694444444
"327",2008-07-31,"2008-07-31 12:00:00",23.4403472222222,23.4403472222222
"328",2008-08-01,"2008-08-01 12:00:00",23.6672222222222,23.6672222222222
"329",2008-08-02,"2008-08-02 12:00:00",23.6505555555556,23.6505555555556
"330",2008-08-03,"2008-08-03 12:00:00",23.3204861111111,23.3204861111111
"331",2008-08-04,"2008-08-04 12:00:00",22.9711111111111,22.9711111111111
"332",2008-08-05,"2008-08-05 12:00:00",22.9706944444444,22.9706944444444
"333",2008-08-06,"2008-08-06 12:00:00",22.2078472222222,22.2078472222222
"334",2008-08-07,"2008-08-07 12:00:00",22.0549305555556,22.0549305555556
"335",2008-08-08,"2008-08-08 12:00:00",21.8619444444444,21.8619444444444
"336",2008-08-09,"2008-08-09 12:00:00",21.9870138888889,21.9870138888889
"337",2008-08-10,"2008-08-10 12:00:00",21.9994444444444,21.9994444444444
"338",2008-08-11,"2008-08-11 12:00:00",21.479375,21.479375
"339",2008-08-12,"2008-08-12 12:00:00",21.2669444444444,21.2669444444444
"340",2008-08-13,"2008-08-13 12:00:00",21.3758333333333,21.3758333333333
"341",2008-08-14,"2008-08-14 12:00:00",21.7754166666667,21.7754166666667
"342",2008-08-15,"2008-08-15 12:00:00",21.7745138888889,21.7745138888889
"343",2008-08-16,"2008-08-16 12:00:00",21.5281944444444,21.5281944444444
"344",2008-08-17,"2008-08-17 12:00:00",21.4215277777778,21.4215277777778
"345",2008-08-18,"2008-08-18 12:00:00",21.7295138888889,21.7295138888889
"346",2008-08-19,"2008-08-19 12:00:00",21.3775,21.3775
"347",2008-08-20,"2008-08-20 12:00:00",20.6386713286713,20.6386713286713
"348",2008-08-21,"2008-08-21 12:00:00",21.0075524475524,21.0075524475524
"349",2008-08-22,"2008-08-22 12:00:00",21.6288194444444,21.6288194444444
"350",2008-08-23,"2008-08-23 12:00:00",21.9168531468531,21.9168531468531
"351",2008-08-24,"2008-08-24 12:00:00",22.1974305555556,22.1974305555556
"352",2008-08-25,"2008-08-25 12:00:00",22.0617361111111,22.0617361111111
"353",2008-08-26,"2008-08-26 12:00:00",21.1277083333333,21.1277083333333
"354",2008-08-27,"2008-08-27 12:00:00",21.2733566433566,21.2733566433566
"355",2008-08-28,"2008-08-28 12:00:00",21.0489583333333,21.0489583333333
"356",2008-08-29,"2008-08-29 12:00:00",21.1376388888889,21.1376388888889
"357",2008-08-30,"2008-08-30 12:00:00",21.1615972222222,21.1615972222222
"358",2008-08-31,"2008-08-31 12:00:00",20.9423611111111,20.9423611111111
"359",2008-09-01,"2008-09-01 12:00:00",20.63875,20.63875
"360",2008-09-02,"2008-09-02 12:00:00",20.9607638888889,20.9607638888889
"361",2008-09-03,"2008-09-03 12:00:00",21.6704861111111,21.6704861111111
"362",2008-09-04,"2008-09-04 12:00:00",21.5435416666667,21.5435416666667
"363",2008-09-05,"2008-09-05 12:00:00",21.6979861111111,21.6979861111111
"364",2008-09-06,"2008-09-06 12:00:00",21.6257638888889,21.6257638888889
"365",2008-09-07,"2008-09-07 12:00:00",21.3245833333333,21.3245833333333
"366",2008-09-08,"2008-09-08 12:00:00",21.0945833333333,21.0945833333333
"367",2008-09-09,"2008-09-09 12:00:00",20.7357638888889,20.7357638888889
"368",2008-09-10,"2008-09-10 12:00:00",20.2525874125874,20.2525874125874
"369",2008-09-11,"2008-09-11 12:00:00",20.0395070422535,20.0395070422535
"370",2008-09-12,"2008-09-12 12:00:00",19.6014583333333,19.6014583333333
"371",2008-09-13,"2008-09-13 12:00:00",19.8877083333333,19.8877083333333
"372",2008-09-14,"2008-09-14 12:00:00",19.7472916666667,19.7472916666667
"373",2008-09-15,"2008-09-15 12:00:00",19.6644444444444,19.6644444444444
"374",2008-09-16,"2008-09-16 12:00:00",19.5197916666667,19.5197916666667
"375",2008-09-17,"2008-09-17 12:00:00",19.2745138888889,19.2745138888889
"376",2008-09-18,"2008-09-18 12:00:00",18.901875,18.901875
"377",2008-09-19,"2008-09-19 12:00:00",18.5878321678322,18.5878321678322
"378",2008-09-20,"2008-09-20 12:00:00",18.5592361111111,18.5592361111111
"379",2008-09-21,"2008-09-21 12:00:00",18.4060416666667,18.4060416666667
"380",2008-09-22,"2008-09-22 12:00:00",18.5773611111111,18.5773611111111
"381",2008-09-23,"2008-09-23 12:00:00",18.3732867132867,18.3732867132867
"382",2008-09-24,"2008-09-24 12:00:00",18.216013986014,18.216013986014
"383",2008-09-25,"2008-09-25 12:00:00",18.1136363636364,18.1136363636364
"384",2008-09-26,"2008-09-26 12:00:00",17.6956944444444,17.6956944444444
"385",2008-09-27,"2008-09-27 12:00:00",17.5520979020979,17.5520979020979
"386",2008-09-28,"2008-09-28 12:00:00",17.8159722222222,17.8159722222222
"387",2008-09-29,"2008-09-29 12:00:00",17.7961313868613,17.7961313868613
"388",2008-10-07,"2008-10-07 12:00:00",14.9650694444444,14.9650694444444
"389",2008-10-08,"2008-10-08 12:00:00",14.8546527777778,14.8546527777778
"390",2008-10-09,"2008-10-09 12:00:00",14.7064583333333,14.7064583333333
"391",2008-10-10,"2008-10-10 12:00:00",14.6490277777778,14.6490277777778
"392",2008-10-11,"2008-10-11 12:00:00",14.6817361111111,14.6817361111111
"393",2008-10-12,"2008-10-12 12:00:00",14.715,14.715
"394",2008-10-13,"2008-10-13 12:00:00",14.7505594405594,14.7505594405594
"395",2008-10-14,"2008-10-14 12:00:00",14.5739583333333,14.5739583333333
"396",2008-10-16,"2008-10-16 12:00:00",14.3459027777778,14.3459027777778
"397",2008-10-17,"2008-10-17 12:00:00",13.9674125874126,13.9674125874126
"398",2008-10-18,"2008-10-18 12:00:00",13.7165277777778,13.7165277777778
"399",2008-10-19,"2008-10-19 12:00:00",13.4425694444444,13.4425694444444
"400",2008-10-20,"2008-10-20 12:00:00",13.2627777777778,13.2627777777778
"401",2008-10-21,"2008-10-21 12:00:00",12.9889781021898,12.9889781021898
"402",2008-10-22,"2008-10-22 12:00:00",12.6071126760563,12.6071126760563
"403",2008-10-23,"2008-10-23 12:00:00",12.2448226950355,12.2448226950355
"404",2008-10-24,"2008-10-24 12:00:00",11.9709285714286,11.9709285714286
"405",2008-10-25,"2008-10-25 12:00:00",11.7973571428571,11.7973571428571
"406",2008-10-26,"2008-10-26 12:00:00",11.8357894736842,11.8357894736842
"407",2008-10-27,"2008-10-27 12:00:00",11.7667164179104,11.7667164179104
"408",2008-10-28,"2008-10-28 12:00:00",11.5052517985612,11.5052517985612
"409",2008-10-29,"2008-10-29 12:00:00",10.9299290780142,10.9299290780142
"410",2008-10-30,"2008-10-30 12:00:00",10.4709090909091,10.4709090909091
"411",2008-10-31,"2008-10-31 12:00:00",10.2165714285714,10.2165714285714
"412",2008-11-02,"2008-11-02 12:00:00",9.76724637681159,9.76724637681159
"413",2008-11-03,"2008-11-03 12:00:00",9.60958333333333,9.60958333333333
"414",2008-11-04,"2008-11-04 12:00:00",9.55496503496503,9.55496503496503
"415",2008-11-05,"2008-11-05 12:00:00",9.61394366197183,9.61394366197183
"416",2008-11-06,"2008-11-06 12:00:00",9.82436090225564,9.82436090225564
"417",2008-11-07,"2008-11-07 12:00:00",9.899,9.899
"418",2008-11-08,"2008-11-08 12:00:00",10.1771942446043,10.1771942446043
"419",2008-11-09,"2008-11-09 12:00:00",9.86721428571429,9.86721428571429
"420",2008-11-10,"2008-11-10 12:00:00",9.57465277777778,9.57465277777778
"421",2008-11-11,"2008-11-11 12:00:00",9.24251748251748,9.24251748251748
"422",2008-11-12,"2008-11-12 12:00:00",9.05569444444444,9.05569444444444
"423",2008-11-13,"2008-11-13 12:00:00",8.85659722222222,8.85659722222222
"424",2008-11-14,"2008-11-14 12:00:00",8.7880985915493,8.7880985915493
"425",2008-11-15,"2008-11-15 12:00:00",8.85024,8.85024
"426",2008-11-17,"2008-11-17 12:00:00",8.47624060150376,8.47624060150376
"427",2008-11-18,"2008-11-18 12:00:00",8.12979166666667,8.12979166666667
"428",2008-11-19,"2008-11-19 12:00:00",7.61680555555556,7.61680555555556
"429",2008-11-20,"2008-11-20 12:00:00",7.07055944055944,7.07055944055944
"430",2008-11-21,"2008-11-21 12:00:00",6.57069444444444,6.57069444444444
"431",2008-11-22,"2008-11-22 12:00:00",5.99356643356643,5.99356643356643
"432",2008-11-23,"2008-11-23 12:00:00",5.42534722222222,5.42534722222222
"433",2008-11-24,"2008-11-24 12:00:00",5.161875,5.161875
"434",2008-11-25,"2008-11-25 12:00:00",4.89552447552448,4.89552447552448
"435",2008-11-26,"2008-11-26 12:00:00",4.80361111111111,4.80361111111111
"436",2008-11-27,"2008-11-27 12:00:00",4.66622377622378,4.66622377622378
"437",2008-11-28,"2008-11-28 12:00:00",4.61457746478873,4.61457746478873
"438",2008-11-29,"2008-11-29 12:00:00",4.38258741258741,4.38258741258741
"439",2008-11-30,"2008-11-30 12:00:00",4.20368055555556,4.20368055555556
"440",2008-12-01,"2008-12-01 12:00:00",4.08021276595745,4.08021276595745
"441",2008-12-02,"2008-12-02 12:00:00",3.82090909090909,3.82090909090909
"442",2008-12-03,"2008-12-03 12:00:00",3.83510489510489,3.83510489510489
"443",2008-12-04,"2008-12-04 12:00:00",3.60559440559441,3.60559440559441
"444",2008-12-05,"2008-12-05 12:00:00",3.4741958041958,3.4741958041958
"445",2008-12-06,"2008-12-06 12:00:00",3.12826388888889,3.12826388888889
"446",2008-12-07,"2008-12-07 12:00:00",3.06513888888889,3.06513888888889
"447",2008-12-08,"2008-12-08 12:00:00",2.57979166666667,2.57979166666667
"448",2008-12-09,"2008-12-09 12:00:00",2.04293706293706,2.04293706293706
"449",2008-12-10,"2008-12-10 12:00:00",2.32734265734266,2.32734265734266
"450",2008-12-11,"2008-12-11 12:00:00",2.15576388888889,2.15576388888889
"451",2008-12-12,"2008-12-12 12:00:00",2.08583333333333,2.08583333333333
"452",2008-12-13,"2008-12-13 12:00:00",1.83861111111111,1.83861111111111
"453",2008-12-14,"2008-12-14 12:00:00",1.34713286713287,1.34713286713287
"454",2008-12-15,"2008-12-15 12:00:00",1.7806338028169,1.7806338028169
"455",2008-12-16,"2008-12-16 12:00:00",1.72951388888889,1.72951388888889
"456",2008-12-17,"2008-12-17 12:00:00",1.42166666666667,1.42166666666667
"457",2008-12-18,"2008-12-18 12:00:00",1.25819444444444,1.25819444444444
"458",2008-12-19,"2008-12-19 12:00:00",1.09583333333333,1.09583333333333
"459",2008-12-20,"2008-12-20 12:00:00",0.744722222222222,0.744722222222222
"460",2008-12-21,"2008-12-21 12:00:00",0.450555555555556,0.450555555555556
"461",2008-12-22,"2008-12-22 12:00:00",0.418541666666667,0.418541666666667
"462",2008-12-23,"2008-12-23 12:00:00",0.104027777777778,0.104027777777778
"463",2008-12-24,"2008-12-24 12:00:00",0.0792361111111111,0.0792361111111111
"464",2008-12-25,"2008-12-25 12:00:00",0.262753623188406,0.262753623188406
"465",2008-12-26,"2008-12-26 12:00:00",0.140241935483871,0.140241935483871
"466",2008-12-27,"2008-12-27 12:00:00",0.235625,0.235625
"467",2008-12-28,"2008-12-28 12:00:00",0.294295774647887,0.294295774647887
"468",2008-12-29,"2008-12-29 12:00:00",0.331666666666667,0.331666666666667
"469",2008-12-30,"2008-12-30 12:00:00",0.333137254901961,0.333137254901961
"470",2008-12-31,"2008-12-31 12:00:00",-0.0210810810810811,-0.0210810810810811
"471",2009-01-01,"2009-01-01 12:00:00",-0.238627450980392,-0.238627450980392
"472",2009-01-02,"2009-01-02 12:00:00",-0.156666666666667,-0.156666666666667
"473",2009-01-03,"2009-01-03 12:00:00",-0.116909090909091,-0.116909090909091
"474",2009-01-04,"2009-01-04 12:00:00",-0.0358333333333333,-0.0358333333333333
"475",2009-01-05,"2009-01-05 12:00:00",0.016,0.016
"476",2009-01-06,"2009-01-06 12:00:00",0.109206349206349,0.109206349206349
"477",2009-01-07,"2009-01-07 12:00:00",0.11,0.11
"478",2009-01-08,"2009-01-08 12:00:00",0.131896551724138,0.131896551724138
"479",2009-01-09,"2009-01-09 12:00:00",0.0933928571428571,0.0933928571428571
"480",2009-01-10,"2009-01-10 12:00:00",0.0789473684210526,0.0789473684210526
"481",2009-01-11,"2009-01-11 12:00:00",0.0749019607843137,0.0749019607843137
"482",2009-01-12,"2009-01-12 12:00:00",0.0732786885245902,0.0732786885245902
"483",2009-01-13,"2009-01-13 12:00:00",0.0741071428571429,0.0741071428571429
"484",2009-01-14,"2009-01-14 12:00:00",0.075,0.075
"485",2011-05-12,"2011-05-12 12:00:00",10.6432558139535,10.6432558139535
"486",2011-05-13,"2011-05-13 12:00:00",11.0859722222222,11.0859722222222
"487",2011-05-14,"2011-05-14 12:00:00",11.3234722222222,11.3234722222222
"488",2011-05-15,"2011-05-15 12:00:00",11.0731944444444,11.0731944444444
"489",2011-05-16,"2011-05-16 12:00:00",10.2136805555556,10.2136805555556
"490",2011-05-17,"2011-05-17 12:00:00",10.1165277777778,10.1165277777778
"491",2011-05-18,"2011-05-18 12:00:00",10.1457638888889,10.1457638888889
"492",2011-05-19,"2011-05-19 12:00:00",10.874375,10.874375
"493",2011-05-20,"2011-05-20 12:00:00",11.5722222222222,11.5722222222222
"494",2011-05-21,"2011-05-21 12:00:00",12.5126388888889,12.5126388888889
"495",2011-05-22,"2011-05-22 12:00:00",12.0520833333333,12.0520833333333
"496",2011-05-23,"2011-05-23 12:00:00",11.6573611111111,11.6573611111111
"497",2011-05-24,"2011-05-24 12:00:00",12.403125,12.403125
"498",2011-05-25,"2011-05-25 12:00:00",14.0138888888889,14.0138888888889
"499",2011-05-26,"2011-05-26 12:00:00",14.4829861111111,14.4829861111111
"500",2011-05-27,"2011-05-27 12:00:00",15.1389583333333,15.1389583333333
"501",2011-05-28,"2011-05-28 12:00:00",15.6179166666667,15.6179166666667
"502",2011-05-29,"2011-05-29 12:00:00",16.8185416666667,16.8185416666667
"503",2011-05-30,"2011-05-30 12:00:00",18.1978472222222,18.1978472222222
"504",2011-05-31,"2011-05-31 12:00:00",18.8417361111111,18.8417361111111
"505",2011-06-01,"2011-06-01 12:00:00",19.2295138888889,19.2295138888889
"506",2011-06-02,"2011-06-02 12:00:00",17.9697916666667,17.9697916666667
"507",2011-06-03,"2011-06-03 12:00:00",16.0229861111111,16.0229861111111
"508",2011-06-04,"2011-06-04 12:00:00",16.1130555555556,16.1130555555556
"509",2011-06-05,"2011-06-05 12:00:00",16.424375,16.424375
"510",2011-06-06,"2011-06-06 12:00:00",17.0011805555556,17.0011805555556
"511",2011-06-07,"2011-06-07 12:00:00",18.2813888888889,18.2813888888889
"512",2011-06-08,"2011-06-08 12:00:00",19.4788888888889,19.4788888888889
"513",2011-06-09,"2011-06-09 12:00:00",20.0711805555556,20.0711805555556
"514",2011-06-10,"2011-06-10 12:00:00",20.7781944444444,20.7781944444444
"515",2011-06-11,"2011-06-11 12:00:00",19.45625,19.45625
"516",2011-06-12,"2011-06-12 12:00:00",17.8574305555556,17.8574305555556
"517",2011-06-13,"2011-06-13 12:00:00",18.0084027777778,18.0084027777778
"518",2011-06-14,"2011-06-14 12:00:00",17.6386111111111,17.6386111111111
"519",2011-06-15,"2011-06-15 12:00:00",17.8865972222222,17.8865972222222
"520",2011-06-16,"2011-06-16 12:00:00",18.5328472222222,18.5328472222222
"521",2011-06-17,"2011-06-17 12:00:00",18.8654166666667,18.8654166666667
"522",2011-06-18,"2011-06-18 12:00:00",19.4572916666667,19.4572916666667
"523",2011-06-19,"2011-06-19 12:00:00",19.5855555555556,19.5855555555556
"524",2011-06-20,"2011-06-20 12:00:00",19.5114583333333,19.5114583333333
"525",2011-06-21,"2011-06-21 12:00:00",20.5518055555556,20.5518055555556
"526",2011-06-22,"2011-06-22 12:00:00",20.8215277777778,20.8215277777778
"527",2011-06-23,"2011-06-23 12:00:00",19.8102777777778,19.8102777777778
"528",2011-06-24,"2011-06-24 12:00:00",18.9225694444444,18.9225694444444
"529",2011-06-25,"2011-06-25 12:00:00",18.58375,18.58375
"530",2011-06-26,"2011-06-26 12:00:00",18.9819444444444,18.9819444444444
"531",2011-06-27,"2011-06-27 12:00:00",19.9681944444444,19.9681944444444
"532",2011-06-28,"2011-06-28 12:00:00",21.0370833333333,21.0370833333333
"533",2011-06-29,"2011-06-29 12:00:00",20.5953472222222,20.5953472222222
"534",2011-06-30,"2011-06-30 12:00:00",20.6328472222222,20.6328472222222
"535",2011-07-01,"2011-07-01 12:00:00",20.6042361111111,20.6042361111111
"536",2011-07-02,"2011-07-02 12:00:00",21.34125,21.34125
"537",2011-07-03,"2011-07-03 12:00:00",21.6930555555556,21.6930555555556
"538",2011-07-04,"2011-07-04 12:00:00",22.3996527777778,22.3996527777778
"539",2011-07-05,"2011-07-05 12:00:00",23.17,23.17
"540",2011-07-06,"2011-07-06 12:00:00",23.0086805555556,23.0086805555556
"541",2011-07-07,"2011-07-07 12:00:00",23.1982638888889,23.1982638888889
"542",2011-07-08,"2011-07-08 12:00:00",23.0930555555556,23.0930555555556
"543",2011-07-09,"2011-07-09 12:00:00",22.8378472222222,22.8378472222222
"544",2011-07-10,"2011-07-10 12:00:00",22.7776388888889,22.7776388888889
"545",2011-07-11,"2011-07-11 12:00:00",23.1779861111111,23.1779861111111
"546",2011-07-12,"2011-07-12 12:00:00",23.9672916666667,23.9672916666667
"547",2011-07-13,"2011-07-13 12:00:00",23.8944444444444,23.8944444444444
"548",2011-07-14,"2011-07-14 12:00:00",23.4897916666667,23.4897916666667
"549",2011-07-15,"2011-07-15 12:00:00",23.3691666666667,23.3691666666667
"550",2011-07-16,"2011-07-16 12:00:00",23.9690972222222,23.9690972222222
"551",2011-07-17,"2011-07-17 12:00:00",23.9389583333333,23.9389583333333
"552",2011-07-18,"2011-07-18 12:00:00",24.0469444444444,24.0469444444444
"553",2011-07-19,"2011-07-19 12:00:00",24.2581944444444,24.2581944444444
"554",2011-07-20,"2011-07-20 12:00:00",24.4523611111111,24.4523611111111
"555",2011-07-21,"2011-07-21 12:00:00",24.6975,24.6975
"556",2011-07-22,"2011-07-22 12:00:00",25.5256944444444,25.5256944444444
"557",2011-07-23,"2011-07-23 12:00:00",25.4389583333333,25.4389583333333
"558",2011-07-24,"2011-07-24 12:00:00",25.524375,25.524375
"559",2011-07-25,"2011-07-25 12:00:00",24.9933333333333,24.9933333333333
"560",2011-07-26,"2011-07-26 12:00:00",24.385,24.385
"561",2011-07-27,"2011-07-27 12:00:00",24.0870833333333,24.0870833333333
"562",2011-07-28,"2011-07-28 12:00:00",24.3825694444444,24.3825694444444
"563",2011-07-29,"2011-07-29 12:00:00",24.1349305555556,24.1349305555556
"564",2011-07-30,"2011-07-30 12:00:00",24.0213194444444,24.0213194444444
"565",2011-07-31,"2011-07-31 12:00:00",24.1755555555556,24.1755555555556
"566",2011-08-01,"2011-08-01 12:00:00",24.4511111111111,24.4511111111111
"567",2011-08-02,"2011-08-02 12:00:00",24.0409027777778,24.0409027777778
"568",2011-08-03,"2011-08-03 12:00:00",24.1432638888889,24.1432638888889
"569",2011-08-04,"2011-08-04 12:00:00",24.2851388888889,24.2851388888889
"570",2011-08-05,"2011-08-05 12:00:00",24.3970833333333,24.3970833333333
"571",2011-08-06,"2011-08-06 12:00:00",24.5865277777778,24.5865277777778
"572",2011-08-07,"2011-08-07 12:00:00",24.6463888888889,24.6463888888889
"573",2011-08-08,"2011-08-08 12:00:00",24.7939583333333,24.7939583333333
"574",2011-08-09,"2011-08-09 12:00:00",24.5384027777778,24.5384027777778
"575",2011-08-10,"2011-08-10 12:00:00",24.2256944444444,24.2256944444444
"576",2011-08-11,"2011-08-11 12:00:00",24.0184027777778,24.0184027777778
"577",2011-08-12,"2011-08-12 12:00:00",23.6655555555556,23.6655555555556
"578",2011-08-13,"2011-08-13 12:00:00",23.6430555555556,23.6430555555556
"579",2011-08-14,"2011-08-14 12:00:00",23.3428472222222,23.3428472222222
"580",2011-08-15,"2011-08-15 12:00:00",22.8125,22.8125
"581",2011-08-16,"2011-08-16 12:00:00",22.1354166666667,22.1354166666667
"582",2011-08-17,"2011-08-17 12:00:00",22.2900694444444,22.2900694444444
"583",2011-08-18,"2011-08-18 12:00:00",22.4410416666667,22.4410416666667
"584",2011-08-19,"2011-08-19 12:00:00",22.773125,22.773125
"585",2011-08-20,"2011-08-20 12:00:00",23.1159027777778,23.1159027777778
"586",2011-08-21,"2011-08-21 12:00:00",23.2900694444444,23.2900694444444
"587",2011-08-22,"2011-08-22 12:00:00",22.8629166666667,22.8629166666667
"588",2011-08-23,"2011-08-23 12:00:00",22.4291666666667,22.4291666666667
"589",2011-08-24,"2011-08-24 12:00:00",22.1771527777778,22.1771527777778
"590",2011-08-25,"2011-08-25 12:00:00",21.9648611111111,21.9648611111111
"591",2011-08-26,"2011-08-26 12:00:00",22.574375,22.574375
"592",2011-08-27,"2011-08-27 12:00:00",22.7915972222222,22.7915972222222
"593",2011-08-28,"2011-08-28 12:00:00",22.0174305555556,22.0174305555556
"594",2011-08-29,"2011-08-29 12:00:00",21.1821527777778,21.1821527777778
"595",2011-08-30,"2011-08-30 12:00:00",21.1518055555556,21.1518055555556
"596",2011-08-31,"2011-08-31 12:00:00",21.5429166666667,21.5429166666667
"597",2011-09-01,"2011-09-01 12:00:00",21.5930555555556,21.5930555555556
"598",2011-09-02,"2011-09-02 12:00:00",21.4872222222222,21.4872222222222
"599",2011-09-03,"2011-09-03 12:00:00",21.9864583333333,21.9864583333333
"600",2011-09-04,"2011-09-04 12:00:00",22.5449305555556,22.5449305555556
"601",2011-09-05,"2011-09-05 12:00:00",22.2099305555556,22.2099305555556
"602",2011-09-06,"2011-09-06 12:00:00",22.0263194444444,22.0263194444444
"603",2011-09-07,"2011-09-07 12:00:00",21.3763194444444,21.3763194444444
"604",2011-09-08,"2011-09-08 12:00:00",21.1101388888889,21.1101388888889
"605",2011-09-09,"2011-09-09 12:00:00",21.1621527777778,21.1621527777778
"606",2011-09-10,"2011-09-10 12:00:00",21.0572222222222,21.0572222222222
"607",2011-09-11,"2011-09-11 12:00:00",20.8590972222222,20.8590972222222
"608",2011-09-12,"2011-09-12 12:00:00",20.7756944444444,20.7756944444444
"609",2011-09-13,"2011-09-13 12:00:00",20.9186111111111,20.9186111111111
"610",2011-09-14,"2011-09-14 12:00:00",21.1609722222222,21.1609722222222
"611",2011-09-15,"2011-09-15 12:00:00",20.8317361111111,20.8317361111111
"612",2011-09-16,"2011-09-16 12:00:00",19.8685416666667,19.8685416666667
"613",2011-09-17,"2011-09-17 12:00:00",19.4136111111111,19.4136111111111
"614",2011-09-18,"2011-09-18 12:00:00",19.1207638888889,19.1207638888889
"615",2011-09-19,"2011-09-19 12:00:00",18.9430555555556,18.9430555555556
"616",2011-09-20,"2011-09-20 12:00:00",18.6170138888889,18.6170138888889
"617",2011-09-21,"2011-09-21 12:00:00",18.8105555555556,18.8105555555556
"618",2011-09-22,"2011-09-22 12:00:00",19.0661111111111,19.0661111111111
"619",2011-09-23,"2011-09-23 12:00:00",19.373125,19.373125
"620",2011-09-24,"2011-09-24 12:00:00",19.6139583333333,19.6139583333333
"621",2011-09-25,"2011-09-25 12:00:00",20.2652083333333,20.2652083333333
"622",2011-09-26,"2011-09-26 12:00:00",20.3988194444444,20.3988194444444
"623",2011-09-27,"2011-09-27 12:00:00",20.5624305555556,20.5624305555556
"624",2011-09-28,"2011-09-28 12:00:00",19.9090972222222,19.9090972222222
"625",2011-09-29,"2011-09-29 12:00:00",19.3852083333333,19.3852083333333
"626",2011-09-30,"2011-09-30 12:00:00",19.3727777777778,19.3727777777778
"627",2011-10-01,"2011-10-01 12:00:00",18.9022222222222,18.9022222222222
"628",2011-10-02,"2011-10-02 12:00:00",18.2809027777778,18.2809027777778
"629",2011-10-03,"2011-10-03 12:00:00",18.0013888888889,18.0013888888889
"630",2011-10-04,"2011-10-04 12:00:00",17.6953472222222,17.6953472222222
"631",2011-10-05,"2011-10-05 12:00:00",17.2091666666667,17.2091666666667
"632",2011-10-06,"2011-10-06 12:00:00",16.3915277777778,16.3915277777778
"633",2011-10-07,"2011-10-07 12:00:00",16.1090972222222,16.1090972222222
"634",2011-10-08,"2011-10-08 12:00:00",16.0409722222222,16.0409722222222
"635",2011-10-09,"2011-10-09 12:00:00",16.2064583333333,16.2064583333333
"636",2011-10-10,"2011-10-10 12:00:00",16.2924305555556,16.2924305555556
"637",2011-10-11,"2011-10-11 12:00:00",16.5172222222222,16.5172222222222
"638",2011-10-12,"2011-10-12 12:00:00",16.1205555555556,16.1205555555556
"639",2011-10-13,"2011-10-13 12:00:00",15.7745833333333,15.7745833333333
"640",2011-10-14,"2011-10-14 12:00:00",15.7228472222222,15.7228472222222
"641",2011-10-15,"2011-10-15 12:00:00",15.45125,15.45125
"642",2011-10-16,"2011-10-16 12:00:00",15.0236805555556,15.0236805555556
"643",2011-10-17,"2011-10-17 12:00:00",14.6945138888889,14.6945138888889
"644",2011-10-18,"2011-10-18 12:00:00",14.4688194444444,14.4688194444444
"645",2011-10-19,"2011-10-19 12:00:00",14.2028472222222,14.2028472222222
"646",2011-10-20,"2011-10-20 12:00:00",13.8973611111111,13.8973611111111
"647",2011-10-21,"2011-10-21 12:00:00",13.7183333333333,13.7183333333333
"648",2011-10-22,"2011-10-22 12:00:00",13.5647222222222,13.5647222222222
"649",2011-10-23,"2011-10-23 12:00:00",13.3247222222222,13.3247222222222
"650",2011-10-24,"2011-10-24 12:00:00",13.1863194444444,13.1863194444444
"651",2011-10-25,"2011-10-25 12:00:00",12.9514583333333,12.9514583333333
"652",2012-04-19,"2012-04-19 12:00:00",9.180625,9.180625
"653",2012-04-20,"2012-04-20 12:00:00",9.55548611111111,9.55548611111111
"654",2012-04-21,"2012-04-21 12:00:00",9.38534722222222,9.38534722222222
"655",2012-04-22,"2012-04-22 12:00:00",10.1389583333333,10.1389583333333
"656",2012-04-23,"2012-04-23 12:00:00",9.21083333333333,9.21083333333333
"657",2012-04-24,"2012-04-24 12:00:00",8.995,8.995
"658",2012-04-25,"2012-04-25 12:00:00",8.90763888888889,8.90763888888889
"659",2012-04-26,"2012-04-26 12:00:00",8.96230769230769,8.96230769230769
"660",2012-04-27,"2012-04-27 12:00:00",8.73513888888889,8.73513888888889
"661",2012-04-28,"2012-04-28 12:00:00",8.63416666666667,8.63416666666667
"662",2012-04-29,"2012-04-29 12:00:00",8.55444444444444,8.55444444444444
"663",2012-04-30,"2012-04-30 12:00:00",9.024375,9.024375
"664",2012-05-01,"2012-05-01 12:00:00",8.75229166666667,8.75229166666667
"665",2012-05-02,"2012-05-02 12:00:00",8.61666666666667,8.61666666666667
"666",2012-05-03,"2012-05-03 12:00:00",8.70636363636364,8.70636363636364
"667",2012-05-04,"2012-05-04 12:00:00",8.90727272727273,8.90727272727273
"668",2012-05-05,"2012-05-05 12:00:00",9.339375,9.339375
"669",2012-05-06,"2012-05-06 12:00:00",10.0498611111111,10.0498611111111
"670",2012-05-07,"2012-05-07 12:00:00",10.9072222222222,10.9072222222222
"671",2012-05-08,"2012-05-08 12:00:00",10.4855555555556,10.4855555555556
"672",2012-05-09,"2012-05-09 12:00:00",10.4270833333333,10.4270833333333
"673",2012-05-10,"2012-05-10 12:00:00",10.9669444444444,10.9669444444444
"674",2012-05-11,"2012-05-11 12:00:00",10.4634722222222,10.4634722222222
"675",2012-05-12,"2012-05-12 12:00:00",10.6827083333333,10.6827083333333
"676",2012-05-13,"2012-05-13 12:00:00",11.2988888888889,11.2988888888889
"677",2012-05-14,"2012-05-14 12:00:00",12.2784027777778,12.2784027777778
"678",2012-05-15,"2012-05-15 12:00:00",12.4188888888889,12.4188888888889
"679",2012-05-16,"2012-05-16 12:00:00",12.989375,12.989375
"680",2012-05-17,"2012-05-17 12:00:00",13.3423076923077,13.3423076923077
"681",2012-05-18,"2012-05-18 12:00:00",13.9588888888889,13.9588888888889
"682",2012-05-19,"2012-05-19 12:00:00",15.1436111111111,15.1436111111111
"683",2012-05-20,"2012-05-20 12:00:00",16.745034965035,16.745034965035
"684",2012-05-21,"2012-05-21 12:00:00",15.9352083333333,15.9352083333333
"685",2012-05-22,"2012-05-22 12:00:00",16.9163194444444,16.9163194444444
"686",2012-05-23,"2012-05-23 12:00:00",17.9607638888889,17.9607638888889
"687",2012-05-24,"2012-05-24 12:00:00",18.4363888888889,18.4363888888889
"688",2012-05-25,"2012-05-25 12:00:00",17.5611111111111,17.5611111111111
"689",2012-05-26,"2012-05-26 12:00:00",18.6768055555556,18.6768055555556
"690",2012-05-27,"2012-05-27 12:00:00",19.3231468531469,19.3231468531469
"691",2012-05-28,"2012-05-28 12:00:00",20.209375,20.209375
"692",2012-05-29,"2012-05-29 12:00:00",19.1475,19.1475
"693",2012-05-30,"2012-05-30 12:00:00",19.7405555555556,19.7405555555556
"694",2012-05-31,"2012-05-31 12:00:00",19.724375,19.724375
"695",2012-06-01,"2012-06-01 12:00:00",19.5160416666667,19.5160416666667
"696",2012-06-02,"2012-06-02 12:00:00",17.8495138888889,17.8495138888889
"697",2012-06-03,"2012-06-03 12:00:00",17.25,17.25
"698",2012-06-04,"2012-06-04 12:00:00",16.8730555555556,16.8730555555556
"699",2012-06-05,"2012-06-05 12:00:00",16.41875,16.41875
"700",2012-06-06,"2012-06-06 12:00:00",16.7252777777778,16.7252777777778
"701",2012-06-07,"2012-06-07 12:00:00",17.0497222222222,17.0497222222222
"702",2012-06-08,"2012-06-08 12:00:00",17.1641666666667,17.1641666666667
"703",2012-06-09,"2012-06-09 12:00:00",17.6941666666667,17.6941666666667
"704",2012-06-10,"2012-06-10 12:00:00",18.6630555555556,18.6630555555556
"705",2012-06-11,"2012-06-11 12:00:00",18.6363194444444,18.6363194444444
"706",2012-06-12,"2012-06-12 12:00:00",18.9361805555556,18.9361805555556
"707",2012-06-13,"2012-06-13 12:00:00",19.0170833333333,19.0170833333333
"708",2012-06-14,"2012-06-14 12:00:00",19.5464583333333,19.5464583333333
"709",2012-06-15,"2012-06-15 12:00:00",20.1579166666667,20.1579166666667
"710",2012-06-16,"2012-06-16 12:00:00",20.5174305555556,20.5174305555556
"711",2012-06-17,"2012-06-17 12:00:00",20.0897202797203,20.0897202797203
"712",2012-06-18,"2012-06-18 12:00:00",20.125,20.125
"713",2012-06-19,"2012-06-19 12:00:00",20.5763194444444,20.5763194444444
"714",2012-06-20,"2012-06-20 12:00:00",21.4275,21.4275
"715",2012-06-21,"2012-06-21 12:00:00",23.0325,23.0325
"716",2012-06-22,"2012-06-22 12:00:00",23.7177777777778,23.7177777777778
"717",2012-06-23,"2012-06-23 12:00:00",23.4824305555556,23.4824305555556
"718",2012-06-24,"2012-06-24 12:00:00",22.9948251748252,22.9948251748252
"719",2012-06-25,"2012-06-25 12:00:00",22.801875,22.801875
"720",2012-06-26,"2012-06-26 12:00:00",21.8194444444444,21.8194444444444
"721",2012-06-27,"2012-06-27 12:00:00",20.4673611111111,20.4673611111111
"722",2012-06-28,"2012-06-28 12:00:00",20.2094444444444,20.2094444444444
"723",2012-06-29,"2012-06-29 12:00:00",20.5984027777778,20.5984027777778
"724",2012-06-30,"2012-06-30 12:00:00",20.9119444444444,20.9119444444444
"725",2012-07-01,"2012-07-01 12:00:00",21.6615384615385,21.6615384615385
"726",2012-07-02,"2012-07-02 12:00:00",22.0754861111111,22.0754861111111
"727",2012-07-03,"2012-07-03 12:00:00",22.1489583333333,22.1489583333333
"728",2012-07-04,"2012-07-04 12:00:00",22.4579861111111,22.4579861111111
"729",2012-07-05,"2012-07-05 12:00:00",22.4423611111111,22.4423611111111
"730",2012-07-06,"2012-07-06 12:00:00",22.8794444444444,22.8794444444444
"731",2012-07-07,"2012-07-07 12:00:00",22.9845833333333,22.9845833333333
"732",2012-07-08,"2012-07-08 12:00:00",22.9983916083916,22.9983916083916
"733",2012-07-09,"2012-07-09 12:00:00",22.91875,22.91875
"734",2012-07-10,"2012-07-10 12:00:00",22.86875,22.86875
"735",2012-07-11,"2012-07-11 12:00:00",23.3345833333333,23.3345833333333
"736",2012-07-12,"2012-07-12 12:00:00",23.6920138888889,23.6920138888889
"737",2012-07-13,"2012-07-13 12:00:00",23.8425,23.8425
"738",2012-07-14,"2012-07-14 12:00:00",24.6347222222222,24.6347222222222
"739",2012-07-15,"2012-07-15 12:00:00",25.0526573426573,25.0526573426573
"740",2012-07-16,"2012-07-16 12:00:00",25.0919444444444,25.0919444444444
"741",2012-07-17,"2012-07-17 12:00:00",24.9934722222222,24.9934722222222
"742",2012-07-18,"2012-07-18 12:00:00",24.9680555555556,24.9680555555556
"743",2012-07-19,"2012-07-19 12:00:00",24.6663194444444,24.6663194444444
"744",2012-07-20,"2012-07-20 12:00:00",24.3361111111111,24.3361111111111
"745",2012-07-21,"2012-07-21 12:00:00",24.3754166666667,24.3754166666667
"746",2012-07-22,"2012-07-22 12:00:00",24.2458741258741,24.2458741258741
"747",2012-07-23,"2012-07-23 12:00:00",24.3700694444444,24.3700694444444
"748",2012-07-24,"2012-07-24 12:00:00",24.4477083333333,24.4477083333333
"749",2012-07-25,"2012-07-25 12:00:00",23.6920833333333,23.6920833333333
"750",2012-07-26,"2012-07-26 12:00:00",23.3879166666667,23.3879166666667
"751",2012-07-27,"2012-07-27 12:00:00",23.27625,23.27625
"752",2012-07-28,"2012-07-28 12:00:00",23.2952777777778,23.2952777777778
"753",2012-07-29,"2012-07-29 12:00:00",23.1067132867133,23.1067132867133
"754",2012-07-30,"2012-07-30 12:00:00",23.4421527777778,23.4421527777778
"755",2012-07-31,"2012-07-31 12:00:00",23.3249305555556,23.3249305555556
"756",2012-08-01,"2012-08-01 12:00:00",23.6997916666667,23.6997916666667
"757",2012-08-02,"2012-08-02 12:00:00",24.1211111111111,24.1211111111111
"758",2012-08-03,"2012-08-03 12:00:00",24.3425,24.3425
"759",2012-08-04,"2012-08-04 12:00:00",24.6761805555556,24.6761805555556
"760",2012-08-05,"2012-08-05 12:00:00",24.4293006993007,24.4293006993007
"761",2012-08-06,"2012-08-06 12:00:00",24.4997916666667,24.4997916666667
"762",2012-08-07,"2012-08-07 12:00:00",24.520625,24.520625
"763",2012-08-08,"2012-08-08 12:00:00",24.6954861111111,24.6954861111111
"764",2012-08-09,"2012-08-09 12:00:00",24.9938888888889,24.9938888888889
"765",2012-08-10,"2012-08-10 12:00:00",24.7772916666667,24.7772916666667
"766",2012-08-11,"2012-08-11 12:00:00",24.6420833333333,24.6420833333333
"767",2012-08-12,"2012-08-12 12:00:00",24.7386013986014,24.7386013986014
"768",2012-08-13,"2012-08-13 12:00:00",24.7398611111111,24.7398611111111
"769",2012-08-14,"2012-08-14 12:00:00",24.6377083333333,24.6377083333333
"770",2012-08-15,"2012-08-15 12:00:00",24.8789583333333,24.8789583333333
"771",2012-08-16,"2012-08-16 12:00:00",24.8277777777778,24.8277777777778
"772",2012-08-17,"2012-08-17 12:00:00",24.5588194444444,24.5588194444444
"773",2012-08-18,"2012-08-18 12:00:00",24.3819444444444,24.3819444444444
"774",2012-08-19,"2012-08-19 12:00:00",24.1652447552448,24.1652447552448
"775",2012-08-20,"2012-08-20 12:00:00",24.1075,24.1075
"776",2012-08-21,"2012-08-21 12:00:00",23.9679166666667,23.9679166666667
"777",2012-08-22,"2012-08-22 12:00:00",23.8934722222222,23.8934722222222
"778",2012-08-23,"2012-08-23 12:00:00",23.8816666666667,23.8816666666667
"779",2012-08-24,"2012-08-24 12:00:00",24.1544360902256,24.1544360902256
"780",2012-08-25,"2012-08-25 12:00:00",24.0557638888889,24.0557638888889
"781",2012-08-26,"2012-08-26 12:00:00",24.084598540146,24.084598540146
"782",2012-08-27,"2012-08-27 12:00:00",24.0083916083916,24.0083916083916
"783",2012-08-28,"2012-08-28 12:00:00",23.9772916666667,23.9772916666667
"784",2012-08-29,"2012-08-29 12:00:00",23.3951388888889,23.3951388888889
"785",2012-08-30,"2012-08-30 12:00:00",22.9159027777778,22.9159027777778
"786",2012-08-31,"2012-08-31 12:00:00",22.638125,22.638125
"787",2012-09-01,"2012-09-01 12:00:00",22.746875,22.746875
"788",2012-09-02,"2012-09-02 12:00:00",22.6593661971831,22.6593661971831
"789",2012-09-03,"2012-09-03 12:00:00",22.5570422535211,22.5570422535211
"790",2012-09-04,"2012-09-04 12:00:00",22.1853472222222,22.1853472222222
"791",2012-09-05,"2012-09-05 12:00:00",22.0388194444444,22.0388194444444
"792",2012-09-06,"2012-09-06 12:00:00",22.1478472222222,22.1478472222222
"793",2012-09-07,"2012-09-07 12:00:00",22.3660416666667,22.3660416666667
"794",2012-09-08,"2012-09-08 12:00:00",22.1514583333333,22.1514583333333
"795",2012-09-09,"2012-09-09 12:00:00",21.9363888888889,21.9363888888889
"796",2012-09-10,"2012-09-10 12:00:00",21.3286111111111,21.3286111111111
"797",2012-09-11,"2012-09-11 12:00:00",20.8174305555556,20.8174305555556
"798",2012-09-12,"2012-09-12 12:00:00",20.7844444444444,20.7844444444444
"799",2012-09-13,"2012-09-13 12:00:00",20.8500694444444,20.8500694444444
"800",2012-09-14,"2012-09-14 12:00:00",20.8701388888889,20.8701388888889
"801",2012-09-15,"2012-09-15 12:00:00",20.5099305555556,20.5099305555556
"802",2012-09-16,"2012-09-16 12:00:00",20.098041958042,20.098041958042
"803",2012-09-17,"2012-09-17 12:00:00",19.9694444444444,19.9694444444444
"804",2012-09-18,"2012-09-18 12:00:00",19.5772916666667,19.5772916666667
"805",2012-09-19,"2012-09-19 12:00:00",19.28375,19.28375
"806",2012-09-20,"2012-09-20 12:00:00",18.97875,18.97875
"807",2012-09-21,"2012-09-21 12:00:00",18.7252777777778,18.7252777777778
"808",2012-09-22,"2012-09-22 12:00:00",18.7088888888889,18.7088888888889
"809",2012-09-23,"2012-09-23 12:00:00",18.624965034965,18.624965034965
"810",2012-09-24,"2012-09-24 12:00:00",18.3075694444444,18.3075694444444
"811",2012-09-25,"2012-09-25 12:00:00",18.0273611111111,18.0273611111111
"812",2012-09-26,"2012-09-26 12:00:00",17.899375,17.899375
"813",2012-09-27,"2012-09-27 12:00:00",17.7997916666667,17.7997916666667
"814",2012-09-28,"2012-09-28 12:00:00",17.3820138888889,17.3820138888889
"815",2012-09-29,"2012-09-29 12:00:00",16.9981944444444,16.9981944444444
"816",2012-09-30,"2012-09-30 12:00:00",16.7837762237762,16.7837762237762
"817",2012-10-01,"2012-10-01 12:00:00",16.5385416666667,16.5385416666667
"818",2012-10-02,"2012-10-02 12:00:00",16.4809722222222,16.4809722222222
"819",2012-10-03,"2012-10-03 12:00:00",16.3911805555556,16.3911805555556
"820",2012-10-04,"2012-10-04 12:00:00",16.3617361111111,16.3617361111111
"821",2012-10-05,"2012-10-05 12:00:00",16.5279166666667,16.5279166666667
"822",2012-10-06,"2012-10-06 12:00:00",16.4814583333333,16.4814583333333
"823",2012-10-07,"2012-10-07 12:00:00",16.0847552447552,16.0847552447552
"824",2012-10-08,"2012-10-08 12:00:00",15.8697222222222,15.8697222222222
"825",2012-10-09,"2012-10-09 12:00:00",15.5853,15.5853
"826",2013-05-15,"2013-05-15 12:00:00",12.1287179487179,12.1287179487179
"827",2013-05-16,"2013-05-16 12:00:00",12.035625,12.035625
"828",2013-05-17,"2013-05-17 12:00:00",12.0379020979021,12.0379020979021
"829",2013-05-18,"2013-05-18 12:00:00",12.6188811188811,12.6188811188811
"830",2013-05-19,"2013-05-19 12:00:00",12.9845138888889,12.9845138888889
"831",2013-05-20,"2013-05-20 12:00:00",13.6454166666667,13.6454166666667
"832",2013-05-21,"2013-05-21 12:00:00",14.3674305555556,14.3674305555556
"833",2013-05-22,"2013-05-22 12:00:00",14.4283333333333,14.4283333333333
"834",2013-05-23,"2013-05-23 12:00:00",14.7413194444444,14.7413194444444
"835",2013-05-24,"2013-05-24 12:00:00",14.8103496503497,14.8103496503497
"836",2013-05-25,"2013-05-25 12:00:00",13.6136363636364,13.6136363636364
"837",2013-05-26,"2013-05-26 12:00:00",12.4305555555556,12.4305555555556
"838",2013-05-27,"2013-05-27 12:00:00",12.2899305555556,12.2899305555556
"839",2013-05-28,"2013-05-28 12:00:00",12.8303472222222,12.8303472222222
"840",2013-05-29,"2013-05-29 12:00:00",12.7797916666667,12.7797916666667
"841",2013-05-30,"2013-05-30 12:00:00",13.8820833333333,13.8820833333333
"842",2013-05-31,"2013-05-31 12:00:00",15.0285314685315,15.0285314685315
"843",2013-06-01,"2013-06-01 12:00:00",16.6168531468531,16.6168531468531
"844",2013-06-02,"2013-06-02 12:00:00",17.5475694444444,17.5475694444444
"845",2013-06-03,"2013-06-03 12:00:00",18.4729166666667,18.4729166666667
"846",2013-06-04,"2013-06-04 12:00:00",18.0448611111111,18.0448611111111
"847",2013-06-05,"2013-06-05 12:00:00",17.5282638888889,17.5282638888889
"848",2013-06-06,"2013-06-06 12:00:00",17.6030555555556,17.6030555555556
"849",2013-06-07,"2013-06-07 12:00:00",16.9281818181818,16.9281818181818
"850",2013-06-08,"2013-06-08 12:00:00",16.504965034965,16.504965034965
"851",2013-06-09,"2013-06-09 12:00:00",16.8331944444444,16.8331944444444
"852",2013-06-10,"2013-06-10 12:00:00",16.9884027777778,16.9884027777778
"853",2013-06-11,"2013-06-11 12:00:00",16.6289583333333,16.6289583333333
"854",2013-06-12,"2013-06-12 12:00:00",16.2811111111111,16.2811111111111
"855",2013-06-13,"2013-06-13 12:00:00",16.0936111111111,16.0936111111111
"856",2013-06-14,"2013-06-14 12:00:00",16.3795804195804,16.3795804195804
"857",2013-06-15,"2013-06-15 12:00:00",16.751958041958,16.751958041958
"858",2013-06-16,"2013-06-16 12:00:00",16.8263888888889,16.8263888888889
"859",2013-06-17,"2013-06-17 12:00:00",17.0608333333333,17.0608333333333
"860",2013-06-18,"2013-06-18 12:00:00",17.2153472222222,17.2153472222222
"861",2013-06-19,"2013-06-19 12:00:00",17.3911111111111,17.3911111111111
"862",2013-06-20,"2013-06-20 12:00:00",17.7494444444444,17.7494444444444
"863",2013-06-21,"2013-06-21 12:00:00",18.4155944055944,18.4155944055944
"864",2013-06-22,"2013-06-22 12:00:00",19.1204195804196,19.1204195804196
"865",2013-06-23,"2013-06-23 12:00:00",20.2188888888889,20.2188888888889
"866",2013-06-24,"2013-06-24 12:00:00",21.0064583333333,21.0064583333333
"867",2013-06-25,"2013-06-25 12:00:00",21.39,21.39
"868",2013-06-26,"2013-06-26 12:00:00",21.9283333333333,21.9283333333333
"869",2013-06-27,"2013-06-27 12:00:00",21.744375,21.744375
"870",2013-06-28,"2013-06-28 12:00:00",21.1655244755245,21.1655244755245
"871",2013-06-29,"2013-06-29 12:00:00",21.4827972027972,21.4827972027972
"872",2013-06-30,"2013-06-30 12:00:00",21.9025,21.9025
"873",2013-07-01,"2013-07-01 12:00:00",22.3106944444444,22.3106944444444
"874",2013-07-02,"2013-07-02 12:00:00",22.3713888888889,22.3713888888889
"875",2013-07-03,"2013-07-03 12:00:00",22.5824305555556,22.5824305555556
"876",2013-07-04,"2013-07-04 12:00:00",23.6038888888889,23.6038888888889
"877",2013-07-05,"2013-07-05 12:00:00",24.4523076923077,24.4523076923077
"878",2013-07-06,"2013-07-06 12:00:00",24.9721678321678,24.9721678321678
"879",2013-07-07,"2013-07-07 12:00:00",25.3289583333333,25.3289583333333
"880",2013-07-08,"2013-07-08 12:00:00",25.6798611111111,25.6798611111111
"881",2013-07-09,"2013-07-09 12:00:00",25.2140277777778,25.2140277777778
"882",2013-07-10,"2013-07-10 12:00:00",24.8680555555556,24.8680555555556
"883",2013-07-11,"2013-07-11 12:00:00",24.6643055555556,24.6643055555556
"884",2013-07-12,"2013-07-12 12:00:00",24.6071328671329,24.6071328671329
"885",2013-07-13,"2013-07-13 12:00:00",24.3384615384615,24.3384615384615
"886",2013-07-14,"2013-07-14 12:00:00",24.8473611111111,24.8473611111111
"887",2013-07-15,"2013-07-15 12:00:00",25.391875,25.391875
"888",2013-07-16,"2013-07-16 12:00:00",25.61,25.61
"889",2013-07-17,"2013-07-17 12:00:00",25.8893055555556,25.8893055555556
"890",2013-07-18,"2013-07-18 12:00:00",26.3704861111111,26.3704861111111
"891",2013-07-19,"2013-07-19 12:00:00",26.2620833333333,26.2620833333333
"892",2013-07-20,"2013-07-20 12:00:00",26.2510416666667,26.2510416666667
"893",2013-07-21,"2013-07-21 12:00:00",26.0661111111111,26.0661111111111
"894",2013-07-22,"2013-07-22 12:00:00",25.6394444444444,25.6394444444444
"895",2013-07-23,"2013-07-23 12:00:00",24.9351388888889,24.9351388888889
"896",2013-07-24,"2013-07-24 12:00:00",24.5329861111111,24.5329861111111
"897",2013-07-25,"2013-07-25 12:00:00",23.8296527777778,23.8296527777778
"898",2013-07-26,"2013-07-26 12:00:00",23.3856643356643,23.3856643356643
"899",2013-07-27,"2013-07-27 12:00:00",23.2638461538462,23.2638461538462
"900",2013-07-28,"2013-07-28 12:00:00",23.2951388888889,23.2951388888889
"901",2013-07-29,"2013-07-29 12:00:00",23.5428472222222,23.5428472222222
"902",2013-07-30,"2013-07-30 12:00:00",23.5974305555556,23.5974305555556
"903",2013-07-31,"2013-07-31 12:00:00",23.9422916666667,23.9422916666667
"904",2013-08-01,"2013-08-01 12:00:00",23.6863888888889,23.6863888888889
"905",2013-08-02,"2013-08-02 12:00:00",23.473986013986,23.473986013986
"906",2013-08-03,"2013-08-03 12:00:00",23.2988811188811,23.2988811188811
"907",2013-08-04,"2013-08-04 12:00:00",23.025625,23.025625
"908",2013-08-05,"2013-08-05 12:00:00",22.3525,22.3525
"909",2013-08-06,"2013-08-06 12:00:00",22.1398611111111,22.1398611111111
"910",2013-08-07,"2013-08-07 12:00:00",22.0352083333333,22.0352083333333
"911",2013-08-08,"2013-08-08 12:00:00",22.1261805555556,22.1261805555556
"912",2013-08-09,"2013-08-09 12:00:00",22.2942657342657,22.2942657342657
"913",2013-08-10,"2013-08-10 12:00:00",22.203006993007,22.203006993007
"914",2013-08-11,"2013-08-11 12:00:00",22.1627083333333,22.1627083333333
"915",2013-08-12,"2013-08-12 12:00:00",22.2230555555556,22.2230555555556
"916",2013-08-13,"2013-08-13 12:00:00",22.0105555555556,22.0105555555556
"917",2013-08-14,"2013-08-14 12:00:00",21.6342361111111,21.6342361111111
"918",2013-09-14,"2013-09-14 12:00:00",19.8756944444444,19.8756944444444
"919",2013-09-28,"2013-09-28 12:00:00",17.0159722222222,17.0159722222222
"920",2013-10-05,"2013-10-05 12:00:00",17.0406944444444,17.0406944444444
"921",2014-06-10,"2014-06-10 12:00:00",19.2288888888889,19.2288888888889
"922",2014-06-18,"2014-06-18 12:00:00",19.0863888888889,19.0863888888889
"923",2014-06-19,"2014-06-19 12:00:00",19.2859722222222,19.2859722222222
"924",2014-06-29,"2014-06-29 12:00:00",21.6648611111111,21.6648611111111
"925",2014-07-28,"2014-07-28 12:00:00",23.4267469879518,23.4267469879518
"926",2014-07-30,"2014-07-30 12:00:00",22.9989583333333,22.9989583333333
"927",2014-07-31,"2014-07-31 12:00:00",22.7365625,22.7365625
"928",2014-08-01,"2014-08-01 12:00:00",22.9485416666667,22.9485416666667
"929",2014-08-02,"2014-08-02 12:00:00",22.7977083333333,22.7977083333333
"930",2014-08-03,"2014-08-03 12:00:00",23.1264583333333,23.1264583333333
"931",2014-08-04,"2014-08-04 12:00:00",23.47,23.47
"932",2014-08-06,"2014-08-06 12:00:00",23.663125,23.663125
"933",2014-08-07,"2014-08-07 12:00:00",23.1348958333333,23.1348958333333
"934",2014-08-08,"2014-08-08 12:00:00",22.8660416666667,22.8660416666667
"935",2014-08-09,"2014-08-09 12:00:00",22.8976041666667,22.8976041666667
"936",2014-08-10,"2014-08-10 12:00:00",23.0871875,23.0871875
"937",2014-08-11,"2014-08-11 12:00:00",23.4147872340426,23.4147872340426
"938",2014-08-13,"2014-08-13 12:00:00",22.6317708333333,22.6317708333333
"939",2014-08-14,"2014-08-14 12:00:00",21.9986458333333,21.9986458333333
"940",2014-08-15,"2014-08-15 12:00:00",21.6640625,21.6640625
"941",2014-08-16,"2014-08-16 12:00:00",21.3927083333333,21.3927083333333
"942",2014-08-17,"2014-08-17 12:00:00",21.2208333333333,21.2208333333333
"943",2014-08-18,"2014-08-18 12:00:00",21.0087234042553,21.0087234042553
"944",2014-08-20,"2014-08-20 12:00:00",21.7225,21.7225
"945",2014-08-21,"2014-08-21 12:00:00",21.3533333333333,21.3533333333333
"946",2014-08-22,"2014-08-22 12:00:00",20.6648958333333,20.6648958333333
"947",2014-08-23,"2014-08-23 12:00:00",20.8071875,20.8071875
"948",2014-08-24,"2014-08-24 12:00:00",21.3416666666667,21.3416666666667
"949",2014-08-25,"2014-08-25 12:00:00",21.8385416666667,21.8385416666667
"950",2014-08-26,"2014-08-26 12:00:00",22.0820833333333,22.0820833333333
"951",2014-08-27,"2014-08-27 12:00:00",22.0111458333333,22.0111458333333
"952",2014-08-28,"2014-08-28 12:00:00",22.1845833333333,22.1845833333333
"953",2014-08-29,"2014-08-29 12:00:00",21.796875,21.796875
"954",2014-08-30,"2014-08-30 12:00:00",21.5155208333333,21.5155208333333
"955",2014-08-31,"2014-08-31 12:00:00",21.4334375,21.4334375
"956",2014-09-01,"2014-09-01 12:00:00",21.9527083333333,21.9527083333333
"957",2014-09-02,"2014-09-02 12:00:00",22.4078125,22.4078125
"958",2014-09-03,"2014-09-03 12:00:00",22.3701041666667,22.3701041666667
"959",2014-09-04,"2014-09-04 12:00:00",22.5541666666667,22.5541666666667
"960",2014-09-05,"2014-09-05 12:00:00",22.6113541666667,22.6113541666667
"961",2014-09-06,"2014-09-06 12:00:00",22.8309375,22.8309375
"962",2014-09-07,"2014-09-07 12:00:00",22.6,22.6
"963",2014-09-08,"2014-09-08 12:00:00",22.3508333333333,22.3508333333333
"964",2014-09-09,"2014-09-09 12:00:00",21.9383333333333,21.9383333333333
"965",2014-09-10,"2014-09-10 12:00:00",21.5904166666667,21.5904166666667
"966",2014-09-11,"2014-09-11 12:00:00",21.2347916666667,21.2347916666667
"967",2014-09-12,"2014-09-12 12:00:00",20.6155208333333,20.6155208333333
"968",2014-09-13,"2014-09-13 12:00:00",19.8880208333333,19.8880208333333
"969",2014-09-14,"2014-09-14 12:00:00",19.298125,19.298125
"970",2014-09-15,"2014-09-15 12:00:00",19.0755208333333,19.0755208333333
"971",2014-09-16,"2014-09-16 12:00:00",18.8477083333333,18.8477083333333
"972",2014-09-17,"2014-09-17 12:00:00",18.6832291666667,18.6832291666667
"973",2014-09-18,"2014-09-18 12:00:00",18.4802105263158,18.4802105263158
"974",2014-09-19,"2014-09-19 12:00:00",18.1158333333333,18.1158333333333
"975",2014-09-20,"2014-09-20 12:00:00",17.6042708333333,17.6042708333333
"976",2014-09-21,"2014-09-21 12:00:00",17.649375,17.649375
"977",2014-09-22,"2014-09-22 12:00:00",17.5188541666667,17.5188541666667
"978",2014-09-23,"2014-09-23 12:00:00",17.1680208333333,17.1680208333333
"979",2014-09-24,"2014-09-24 12:00:00",17.2217708333333,17.2217708333333
"980",2014-09-25,"2014-09-25 12:00:00",17.1994791666667,17.1994791666667
"981",2014-09-26,"2014-09-26 12:00:00",17.3445833333333,17.3445833333333
"982",2014-09-27,"2014-09-27 12:00:00",17.5901041666667,17.5901041666667
"983",2014-09-28,"2014-09-28 12:00:00",17.9523958333333,17.9523958333333
"984",2014-09-29,"2014-09-29 12:00:00",17.9916666666667,17.9916666666667
"985",2014-09-30,"2014-09-30 12:00:00",17.4929166666667,17.4929166666667
"986",2014-10-01,"2014-10-01 12:00:00",17.3033333333333,17.3033333333333
"987",2014-10-02,"2014-10-02 12:00:00",17.3075,17.3075
"988",2014-10-03,"2014-10-03 12:00:00",17.2333333333333,17.2333333333333
"989",2014-10-04,"2014-10-04 12:00:00",16.9136458333333,16.9136458333333
"990",2014-10-05,"2014-10-05 12:00:00",16.6878125,16.6878125
"991",2014-10-06,"2014-10-06 12:00:00",16.3779166666667,16.3779166666667
"992",2014-10-07,"2014-10-07 12:00:00",16.1464583333333,16.1464583333333
"993",2014-10-08,"2014-10-08 12:00:00",16.0798958333333,16.0798958333333
"994",2014-10-09,"2014-10-09 12:00:00",15.6921875,15.6921875
"995",2014-10-10,"2014-10-10 12:00:00",15.3276041666667,15.3276041666667
"996",2014-10-11,"2014-10-11 12:00:00",15.1313541666667,15.1313541666667
"997",2014-10-12,"2014-10-12 12:00:00",14.9107291666667,14.9107291666667
"998",2014-10-13,"2014-10-13 12:00:00",14.710625,14.710625
"999",2015-08-08,"2015-08-08 12:00:00",24.0200416666667,24.0200416666667
"1000",2015-08-09,"2015-08-09 12:00:00",23.9629895833333,23.9629895833333
"1001",2015-08-10,"2015-08-10 12:00:00",24.0744895833333,24.0744895833333
"1002",2015-08-11,"2015-08-11 12:00:00",23.5947291666667,23.5947291666667
"1003",2015-08-12,"2015-08-12 12:00:00",23.5234479166667,23.5234479166667
"1004",2015-08-13,"2015-08-13 12:00:00",23.5155416666667,23.5155416666667
"1005",2015-08-14,"2015-08-14 12:00:00",23.6219270833333,23.6219270833333
"1006",2015-08-15,"2015-08-15 12:00:00",23.7653125,23.7653125
"1007",2015-08-16,"2015-08-16 12:00:00",24.2937083333333,24.2937083333333
"1008",2015-08-17,"2015-08-17 12:00:00",24.74196875,24.74196875
"1009",2015-08-18,"2015-08-18 12:00:00",25.1217395833333,25.1217395833333
"1010",2015-08-19,"2015-08-19 12:00:00",25.5514895833333,25.5514895833333
"1011",2015-08-20,"2015-08-20 12:00:00",25.1614791666667,25.1614791666667
"1012",2015-08-21,"2015-08-21 12:00:00",24.98709375,24.98709375
"1013",2015-08-22,"2015-08-22 12:00:00",25.2530208333333,25.2530208333333
"1014",2015-08-23,"2015-08-23 12:00:00",25.0011145833333,25.0011145833333
"1015",2015-08-24,"2015-08-24 12:00:00",25.1983333333333,25.1983333333333
"1016",2015-08-25,"2015-08-25 12:00:00",24.860125,24.860125
"1017",2015-08-26,"2015-08-26 12:00:00",24.71290625,24.71290625
"1018",2015-08-27,"2015-08-27 12:00:00",24.29715625,24.29715625
"1019",2015-08-28,"2015-08-28 12:00:00",23.95171875,23.95171875
"1020",2015-08-29,"2015-08-29 12:00:00",23.7511354166667,23.7511354166667
"1021",2015-08-30,"2015-08-30 12:00:00",23.6908854166667,23.6908854166667
"1022",2015-08-31,"2015-08-31 12:00:00",23.6588229166667,23.6588229166667
"1023",2015-09-01,"2015-09-01 12:00:00",24.0745833333333,24.0745833333333
"1024",2015-09-02,"2015-09-02 12:00:00",24.28221875,24.28221875
"1025",2015-09-03,"2015-09-03 12:00:00",24.3404895833333,24.3404895833333
"1026",2015-09-04,"2015-09-04 12:00:00",24.1515208333333,24.1515208333333
"1027",2015-09-05,"2015-09-05 12:00:00",24.06953125,24.06953125
"1028",2015-09-06,"2015-09-06 12:00:00",24.0705208333333,24.0705208333333
"1029",2015-09-07,"2015-09-07 12:00:00",23.91175,23.91175
"1030",2015-09-08,"2015-09-08 12:00:00",24.3135208333333,24.3135208333333
"1031",2015-09-09,"2015-09-09 12:00:00",24.65253125,24.65253125
"1032",2015-09-10,"2015-09-10 12:00:00",24.1642395833333,24.1642395833333
"1033",2015-09-11,"2015-09-11 12:00:00",23.8493229166667,23.8493229166667
"1034",2015-09-12,"2015-09-12 12:00:00",23.8163854166667,23.8163854166667
"1035",2015-09-13,"2015-09-13 12:00:00",23.1210104166667,23.1210104166667
"1036",2015-09-14,"2015-09-14 12:00:00",22.490125,22.490125
"1037",2015-09-15,"2015-09-15 12:00:00",22.23884375,22.23884375
"1038",2015-09-16,"2015-09-16 12:00:00",22.18496875,22.18496875
"1039",2015-09-17,"2015-09-17 12:00:00",22.2945208333333,22.2945208333333
"1040",2015-09-18,"2015-09-18 12:00:00",22.5031145833333,22.5031145833333
"1041",2015-09-19,"2015-09-19 12:00:00",22.3693958333333,22.3693958333333
"1042",2015-09-20,"2015-09-20 12:00:00",22.0304479166667,22.0304479166667
"1043",2015-09-21,"2015-09-21 12:00:00",21.5846979166667,21.5846979166667
"1044",2015-09-22,"2015-09-22 12:00:00",21.2225833333333,21.2225833333333
"1045",2015-09-23,"2015-09-23 12:00:00",21.1451354166667,21.1451354166667
"1046",2015-09-24,"2015-09-24 12:00:00",21.04978125,21.04978125
"1047",2015-09-25,"2015-09-25 12:00:00",20.68515625,20.68515625
"1048",2015-09-26,"2015-09-26 12:00:00",20.4669270833333,20.4669270833333
"1049",2015-09-27,"2015-09-27 12:00:00",20.13940625,20.13940625
"1050",2015-09-28,"2015-09-28 12:00:00",19.9110740740741,19.9110740740741
"1051",2016-05-03,"2016-05-03 12:00:00",9.10671052631579,9.10671052631579
"1052",2016-05-04,"2016-05-04 12:00:00",8.72443661971831,8.72443661971831
"1053",2016-05-05,"2016-05-05 12:00:00",8.58056338028169,8.58056338028169
"1054",2016-05-06,"2016-05-06 12:00:00",9.10333333333333,9.10333333333333
"1055",2016-05-07,"2016-05-07 12:00:00",9.37624113475177,9.37624113475177
"1056",2016-05-08,"2016-05-08 12:00:00",9.20429577464789,9.20429577464789
"1057",2016-05-09,"2016-05-09 12:00:00",8.65614285714286,8.65614285714286
"1058",2016-05-10,"2016-05-10 12:00:00",9.05804195804196,9.05804195804196
"1059",2016-05-11,"2016-05-11 12:00:00",10.0057042253521,10.0057042253521
"1060",2016-05-12,"2016-05-12 12:00:00",11.0515217391304,11.0515217391304
"1061",2016-05-13,"2016-05-13 12:00:00",11.514965034965,11.514965034965
"1062",2016-05-14,"2016-05-14 12:00:00",11.9062237762238,11.9062237762238
"1063",2016-05-15,"2016-05-15 12:00:00",11.1205633802817,11.1205633802817
"1064",2016-05-16,"2016-05-16 12:00:00",10.4925714285714,10.4925714285714
"1065",2016-05-17,"2016-05-17 12:00:00",10.6471328671329,10.6471328671329
"1066",2016-05-18,"2016-05-18 12:00:00",11.7695,11.7695
"1067",2016-05-19,"2016-05-19 12:00:00",12.3252482269504,12.3252482269504
"1068",2016-05-20,"2016-05-20 12:00:00",12.6607042253521,12.6607042253521
"1069",2016-05-21,"2016-05-21 12:00:00",13.6347517730496,13.6347517730496
"1070",2016-05-22,"2016-05-22 12:00:00",13.6902142857143,13.6902142857143
"1071",2016-05-23,"2016-05-23 12:00:00",14.7710563380282,14.7710563380282
"1072",2016-05-24,"2016-05-24 12:00:00",15.3990714285714,15.3990714285714
"1073",2016-05-25,"2016-05-25 12:00:00",15.4958041958042,15.4958041958042
"1074",2016-05-26,"2016-05-26 12:00:00",16.8304225352113,16.8304225352113
"1075",2016-05-27,"2016-05-27 12:00:00",17.3899295774648,17.3899295774648
"1076",2016-05-28,"2016-05-28 12:00:00",19.0695804195804,19.0695804195804
"1077",2016-05-29,"2016-05-29 12:00:00",18.9575,18.9575
"1078",2016-05-30,"2016-05-30 12:00:00",19.0596478873239,19.0596478873239
"1079",2016-05-31,"2016-05-31 12:00:00",19.4837410071942,19.4837410071942
"1080",2016-06-01,"2016-06-01 12:00:00",19.6109722222222,19.6109722222222
"1081",2016-06-02,"2016-06-02 12:00:00",19.0183802816901,19.0183802816901
"1082",2016-06-03,"2016-06-03 12:00:00",19.7181294964029,19.7181294964029
"1083",2016-06-04,"2016-06-04 12:00:00",20.9796453900709,20.9796453900709
"1084",2016-06-06,"2016-06-06 12:00:00",19.9277622377622,19.9277622377622
"1085",2016-06-07,"2016-06-07 12:00:00",20.0453191489362,20.0453191489362
"1086",2016-06-09,"2016-06-09 12:00:00",17.6207142857143,17.6207142857143
"1087",2016-06-10,"2016-06-10 12:00:00",16.6315217391304,16.6315217391304
"1088",2016-06-11,"2016-06-11 12:00:00",16.5040972222222,16.5040972222222
"1089",2016-06-12,"2016-06-12 12:00:00",16.0942857142857,16.0942857142857
"1090",2016-06-13,"2016-06-13 12:00:00",15.5148175182482,15.5148175182482
"1091",2016-06-15,"2016-06-15 12:00:00",15.87975,15.87975
"1092",2016-06-16,"2016-06-16 12:00:00",16.8953191489362,16.8953191489362
"1093",2016-06-17,"2016-06-17 12:00:00",17.5800714285714,17.5800714285714
"1094",2016-06-18,"2016-06-18 12:00:00",18.3387412587413,18.3387412587413
"1095",2016-06-19,"2016-06-19 12:00:00",19.0639436619718,19.0639436619718
"1096",2016-06-20,"2016-06-20 12:00:00",19.1515384615385,19.1515384615385
"1097",2016-06-21,"2016-06-21 12:00:00",19.8790070921986,19.8790070921986
"1098",2016-06-22,"2016-06-22 12:00:00",20.0350694444444,20.0350694444444
"1099",2016-06-23,"2016-06-23 12:00:00",19.9754929577465,19.9754929577465
"1100",2016-06-24,"2016-06-24 12:00:00",20.8304929577465,20.8304929577465
"1101",2016-06-25,"2016-06-25 12:00:00",21.7008450704225,21.7008450704225
"1102",2016-06-26,"2016-06-26 12:00:00",22.271958041958,22.271958041958
"1103",2016-06-27,"2016-06-27 12:00:00",21.8840714285714,21.8840714285714
"1104",2016-06-28,"2016-06-28 12:00:00",21.936993006993,21.936993006993
"1105",2016-06-29,"2016-06-29 12:00:00",22.1591608391608,22.1591608391608
"1106",2016-06-30,"2016-06-30 12:00:00",22.6967605633803,22.6967605633803
"1107",2016-07-01,"2016-07-01 12:00:00",22.7134027777778,22.7134027777778
"1108",2016-07-02,"2016-07-02 12:00:00",22.0344366197183,22.0344366197183
"1109",2016-07-03,"2016-07-03 12:00:00",21.5530281690141,21.5530281690141
"1110",2016-07-04,"2016-07-04 12:00:00",21.7348591549296,21.7348591549296
"1111",2016-07-05,"2016-07-05 12:00:00",22.5008510638298,22.5008510638298
"1112",2016-07-06,"2016-07-06 12:00:00",23.1287323943662,23.1287323943662
"1113",2016-07-07,"2016-07-07 12:00:00",23.2533802816901,23.2533802816901
"1114",2016-07-08,"2016-07-08 12:00:00",23.1478014184397,23.1478014184397
"1115",2016-07-09,"2016-07-09 12:00:00",22.086170212766,22.086170212766
"1116",2016-07-10,"2016-07-10 12:00:00",21.4870138888889,21.4870138888889
"1117",2016-07-11,"2016-07-11 12:00:00",21.6552482269504,21.6552482269504
"1118",2016-07-12,"2016-07-12 12:00:00",22.1284397163121,22.1284397163121
"1119",2016-07-13,"2016-07-13 12:00:00",22.6113043478261,22.6113043478261
"1120",2016-07-14,"2016-07-14 12:00:00",22.5487943262411,22.5487943262411
"1121",2016-07-15,"2016-07-15 12:00:00",23.2741134751773,23.2741134751773
"1122",2016-07-16,"2016-07-16 12:00:00",23.4726811594203,23.4726811594203
"1123",2016-07-17,"2016-07-17 12:00:00",23.947972027972,23.947972027972
"1124",2016-07-18,"2016-07-18 12:00:00",23.8524285714286,23.8524285714286
"1125",2016-07-19,"2016-07-19 12:00:00",23.6871126760563,23.6871126760563
"1126",2016-07-21,"2016-07-21 12:00:00",23.1125352112676,23.1125352112676
"1127",2016-07-22,"2016-07-22 12:00:00",23.2612765957447,23.2612765957447
"1128",2016-07-23,"2016-07-23 12:00:00",23.6204225352113,23.6204225352113
"1129",2016-07-24,"2016-07-24 12:00:00",23.4182394366197,23.4182394366197
"1130",2016-07-25,"2016-07-25 12:00:00",23.9239160839161,23.9239160839161
"1131",2016-07-26,"2016-07-26 12:00:00",23.8198550724638,23.8198550724638
"1132",2016-07-27,"2016-07-27 12:00:00",24.3173758865248,24.3173758865248
"1133",2016-07-28,"2016-07-28 12:00:00",24.5321985815603,24.5321985815603
"1134",2016-07-29,"2016-07-29 12:00:00",24.8254929577465,24.8254929577465
"1135",2016-07-30,"2016-07-30 12:00:00",24.6060563380282,24.6060563380282
"1136",2016-07-31,"2016-07-31 12:00:00",24.2098601398601,24.2098601398601
"1137",2016-08-01,"2016-08-01 12:00:00",23.6668309859155,23.6668309859155
"1138",2016-08-02,"2016-08-02 12:00:00",23.7547887323944,23.7547887323944
"1139",2016-08-03,"2016-08-03 12:00:00",23.9352142857143,23.9352142857143
"1140",2016-08-04,"2016-08-04 12:00:00",24.1064028776978,24.1064028776978
"1141",2016-08-05,"2016-08-05 12:00:00",24.2077857142857,24.2077857142857
"1142",2016-08-06,"2016-08-06 12:00:00",24.4152447552448,24.4152447552448
"1143",2016-08-07,"2016-08-07 12:00:00",24.2935664335664,24.2935664335664
"1144",2016-08-08,"2016-08-08 12:00:00",24.1774305555556,24.1774305555556
"1145",2016-08-09,"2016-08-09 12:00:00",24.2115384615385,24.2115384615385
"1146",2016-08-10,"2016-08-10 12:00:00",23.9362411347518,23.9362411347518
"1147",2016-08-11,"2016-08-11 12:00:00",24.4029577464789,24.4029577464789
"1148",2016-08-12,"2016-08-12 12:00:00",24.6967857142857,24.6967857142857
"1149",2016-08-13,"2016-08-13 12:00:00",24.675034965035,24.675034965035
"1150",2016-08-14,"2016-08-14 12:00:00",24.7528169014085,24.7528169014085
"1151",2016-08-15,"2016-08-15 12:00:00",24.6722142857143,24.6722142857143
"1152",2016-08-16,"2016-08-16 12:00:00",24.421338028169,24.421338028169
"1153",2016-08-17,"2016-08-17 12:00:00",23.9534532374101,23.9534532374101
"1154",2016-08-18,"2016-08-18 12:00:00",23.7305714285714,23.7305714285714
"1155",2016-08-19,"2016-08-19 12:00:00",23.9658571428571,23.9658571428571
"1156",2016-08-20,"2016-08-20 12:00:00",24.0816783216783,24.0816783216783
"1157",2016-08-21,"2016-08-21 12:00:00",23.8313986013986,23.8313986013986
"1158",2016-08-22,"2016-08-22 12:00:00",23.5275714285714,23.5275714285714
"1159",2016-08-23,"2016-08-23 12:00:00",23.047,23.047
"1160",2016-08-24,"2016-08-24 12:00:00",23.0527464788732,23.0527464788732
"1161",2016-08-25,"2016-08-25 12:00:00",23.0154609929078,23.0154609929078
"1162",2016-08-26,"2016-08-26 12:00:00",23.3156338028169,23.3156338028169
"1163",2016-08-27,"2016-08-27 12:00:00",23.7365034965035,23.7365034965035
"1164",2016-08-28,"2016-08-28 12:00:00",23.8772535211268,23.8772535211268
"1165",2016-08-29,"2016-08-29 12:00:00",23.3910638297872,23.3910638297872
"1166",2016-08-30,"2016-08-30 12:00:00",23.1258333333333,23.1258333333333
"1167",2016-08-31,"2016-08-31 12:00:00",23.0391549295775,23.0391549295775
"1168",2016-09-01,"2016-09-01 12:00:00",22.9772340425532,22.9772340425532
"1169",2016-09-02,"2016-09-02 12:00:00",22.6511188811189,22.6511188811189
"1170",2016-09-03,"2016-09-03 12:00:00",22.595,22.595
"1171",2016-09-04,"2016-09-04 12:00:00",22.5368309859155,22.5368309859155
"1172",2016-09-05,"2016-09-05 12:00:00",22.4160992907801,22.4160992907801
"1173",2016-09-06,"2016-09-06 12:00:00",22.2796478873239,22.2796478873239
"1174",2016-09-07,"2016-09-07 12:00:00",22.4033098591549,22.4033098591549
"1175",2016-09-08,"2016-09-08 12:00:00",22.7929370629371,22.7929370629371
"1176",2016-09-09,"2016-09-09 12:00:00",22.8758741258741,22.8758741258741
"1177",2016-09-10,"2016-09-10 12:00:00",22.8543571428571,22.8543571428571
"1178",2016-09-11,"2016-09-11 12:00:00",22.4842553191489,22.4842553191489
"1179",2016-09-12,"2016-09-12 12:00:00",22.0407194244604,22.0407194244604
"1180",2016-09-13,"2016-09-13 12:00:00",21.8877304964539,21.8877304964539
"1181",2016-09-14,"2016-09-14 12:00:00",21.7279432624113,21.7279432624113
"1182",2016-09-15,"2016-09-15 12:00:00",21.5097183098592,21.5097183098592
"1183",2016-09-16,"2016-09-16 12:00:00",21.4182269503546,21.4182269503546
"1184",2016-09-17,"2016-09-17 12:00:00",21.0861805555556,21.0861805555556
"1185",2016-09-18,"2016-09-18 12:00:00",20.9788732394366,20.9788732394366
"1186",2016-09-19,"2016-09-19 12:00:00",21.0588028169014,21.0588028169014
"1187",2016-09-20,"2016-09-20 12:00:00",21.2792253521127,21.2792253521127
"1188",2016-09-21,"2016-09-21 12:00:00",21.3757042253521,21.3757042253521
"1189",2016-09-22,"2016-09-22 12:00:00",21.4751388888889,21.4751388888889
"1190",2016-09-23,"2016-09-23 12:00:00",20.9951079136691,20.9951079136691
"1191",2016-09-24,"2016-09-24 12:00:00",20.4845714285714,20.4845714285714
"1192",2016-09-25,"2016-09-25 12:00:00",19.8224822695035,19.8224822695035
"1193",2016-09-26,"2016-09-26 12:00:00",19.4136879432624,19.4136879432624
"1194",2016-09-27,"2016-09-27 12:00:00",19.2742657342657,19.2742657342657
"1195",2016-09-28,"2016-09-28 12:00:00",18.9551773049645,18.9551773049645
"1196",2016-09-29,"2016-09-29 12:00:00",18.6027272727273,18.6027272727273
"1197",2016-09-30,"2016-09-30 12:00:00",18.2292307692308,18.2292307692308
"1198",2016-10-01,"2016-10-01 12:00:00",17.8735664335664,17.8735664335664
"1199",2016-10-02,"2016-10-02 12:00:00",17.5153571428571,17.5153571428571
"1200",2016-10-03,"2016-10-03 12:00:00",17.5192805755396,17.5192805755396
"1201",2016-10-04,"2016-10-04 12:00:00",17.4532624113475,17.4532624113475
"1202",2016-10-05,"2016-10-05 12:00:00",17.5107142857143,17.5107142857143
"1203",2016-10-06,"2016-10-06 12:00:00",17.4737323943662,17.4737323943662
"1204",2016-10-07,"2016-10-07 12:00:00",17.5260839160839,17.5260839160839
"1205",2016-10-08,"2016-10-08 12:00:00",17.3301449275362,17.3301449275362
"1206",2016-10-09,"2016-10-09 12:00:00",17.0554285714286,17.0554285714286
"1207",2016-10-10,"2016-10-10 12:00:00",16.3509219858156,16.3509219858156
"1208",2016-10-11,"2016-10-11 12:00:00",16.0042142857143,16.0042142857143
