DateTime,evap
2005-04-16,0
2005-04-17,-7.36761626873209e-09
2005-04-18,-6.86551328099145e-09
2005-04-19,-1.4844262579922e-08
2005-04-20,-9.02440338882494e-09
2005-04-21,0
2005-04-22,-2.19489962268009e-08
2005-04-23,-1.05317223405632e-08
2005-04-24,0
2005-04-25,0
2005-04-26,-2.25289048253944e-08
2005-04-27,-9.66285977598618e-09
2005-04-28,-1.66001088084955e-10
2005-04-29,-2.60205291393111e-08
2005-04-30,-1.3354670801819e-08
2005-05-01,0
2005-05-02,-1.83440199751888e-08
2005-05-03,-1.5500038989293e-08
2005-05-04,-1.80045428867531e-08
2005-05-05,-1.2361039489353e-08
2005-05-06,-1.096947145896e-08
2005-05-07,-1.32378593322708e-08
2005-05-08,-1.7958742817141e-08
2005-05-09,-1.43399760444145e-08
2005-05-10,0
2005-05-11,0
2005-05-12,0
2005-05-13,-4.972324843625e-08
2005-05-14,-2.87565507756747e-08
2005-05-15,-4.64436789096812e-09
2005-05-16,-1.37362253825292e-09
2005-05-17,-6.4793963418037e-09
2005-05-18,-4.54122130655625e-09
2005-05-19,-1.5895725994378e-08
2005-05-20,-7.72984483350627e-09
2005-05-21,-7.87637213630468e-09
2005-05-22,-9.45090333476624e-09
2005-05-23,-2.61371213079611e-09
2005-05-24,-8.00132269350198e-09
2005-05-25,-1.41462570343602e-08
2005-05-26,-1.72596894538555e-08
2005-05-27,-5.11993546247616e-09
2005-05-28,0
2005-05-29,-9.66453741420358e-10
2005-05-30,-5.45012534830921e-09
2005-05-31,-4.73547410545621e-09
2005-06-01,-4.46101165802951e-09
2005-06-02,-2.66526012395765e-09
2005-06-03,0
2005-06-04,0
2005-06-05,0
2005-06-06,0
2005-06-07,0
2005-06-08,0
2005-06-09,0
2005-06-10,0
2005-06-11,0
2005-06-12,0
2005-06-13,0
2005-06-14,-3.26923217739053e-09
2005-06-15,-4.50381924008271e-09
2005-06-16,-5.89629943691704e-08
2005-06-17,-2.78519176746617e-08
2005-06-18,-2.36128680271531e-08
2005-06-19,-3.44465954902486e-08
2005-06-20,-8.7296896134893e-09
2005-06-21,-1.71204658945368e-08
2005-06-22,-1.68152136267329e-08
2005-06-23,-5.03863492754318e-08
2005-06-24,-3.38787255041256e-08
2005-06-25,-1.27138519338985e-08
2005-06-26,0
2005-06-27,-3.05868649271864e-09
2005-06-28,-2.97764258768708e-09
2005-06-29,-1.32579036566654e-08
2005-06-30,-1.19866930334988e-08
2005-07-01,-3.67871692608544e-08
2005-07-02,-3.7614386764214e-08
2005-07-03,-5.7665757627908e-08
2005-07-04,-3.92196294710096e-08
2005-07-05,-4.04397788782211e-08
2005-07-06,-1.58196931603162e-08
2005-07-07,-3.32770132454973e-08
2005-07-08,-2.15540182996151e-08
2005-07-09,-4.02853482031864e-08
2005-07-10,-5.33929518599751e-08
2005-07-11,-3.52576783746418e-08
2005-07-12,-1.83927818280957e-08
2005-07-13,-2.25226147943591e-08
2005-07-14,-1.62041810525272e-08
2005-07-15,-2.55292746291109e-08
2005-07-16,-2.44707751498569e-08
2005-07-17,-2.93161420999791e-08
2005-07-18,-2.89651011766617e-08
2005-07-19,-2.64394061236002e-08
2005-07-20,-2.92474288616281e-08
2005-07-21,-3.80011971354334e-08
2005-07-22,-4.17253397191601e-08
2005-07-23,-4.88161759526429e-08
2005-07-24,-8.81049123045665e-08
2005-07-25,-1.44651053654548e-08
2005-07-26,-4.24857431945479e-08
2005-07-27,-3.73876540913936e-08
2005-07-28,-5.76929973390289e-08
2005-07-29,-2.29472977069454e-08
2005-07-30,-4.91183523548273e-08
2005-07-31,-3.59101764596236e-08
2005-08-01,-5.83071340767287e-08
2005-08-02,-3.57950275355314e-08
2005-08-03,-4.3490152543941e-08
2005-08-04,-3.37446854800907e-08
2005-08-05,-3.46633475086426e-08
2005-08-06,-6.28824026589714e-08
2005-08-07,-1.56271697501642e-08
2005-08-08,-4.02489059295391e-08
2005-08-09,-2.17714420372811e-08
2005-08-10,-4.02203020642951e-08
2005-08-11,-3.6155038413301e-08
2005-08-12,-4.41449958752578e-08
2005-08-13,-3.55199087093371e-08
2005-08-14,-2.57516936270713e-08
2005-08-15,-2.92849487307884e-08
2005-08-16,-1.64877696133726e-08
2005-08-17,-5.16367088004767e-08
2005-08-18,-8.31639987160979e-08
2005-08-19,-3.30186409736826e-08
2005-08-20,-6.38154996006111e-08
2005-08-21,-3.15929236335763e-08
2005-08-22,-2.61166364572799e-08
2005-08-23,-6.47417108578499e-08
2005-08-24,-5.13409971334939e-08
2005-08-25,-5.91563134402112e-08
2005-08-26,-4.53522686875374e-08
2005-08-27,-2.43471516872643e-08
2005-08-28,-4.41904822421247e-08
2005-08-29,-2.44195394485965e-08
2005-08-30,-1.93607069778115e-08
2005-08-31,-1.80706438825232e-08
2005-09-01,-1.95195263675881e-08
2005-09-02,-4.48536402648857e-08
2005-09-03,-4.61250866577655e-08
2005-09-04,-4.91686548538316e-08
2005-09-05,-5.80472804350182e-08
2005-09-06,-2.54254142749281e-08
2005-09-07,-3.69253157943732e-08
2005-09-08,-3.31773491711563e-08
2005-09-09,-2.86291110942825e-08
2005-09-10,-5.61380799008343e-08
2005-09-11,-6.12061155968931e-08
2005-09-12,-4.93629946256937e-08
2005-09-13,-1.34582501680201e-08
2005-09-14,-9.6607337782268e-09
2005-09-15,-2.61398335934302e-08
2005-09-16,-1.14442300349116e-08
2005-09-17,-3.52942622693244e-08
2005-09-18,-2.05058387218946e-08
2005-09-19,-3.85097304903941e-08
2005-09-20,-2.35820520334254e-08
2005-09-21,-4.38852964931041e-08
2005-09-22,-3.95539494693974e-08
2005-09-23,-4.98250569194279e-08
2005-09-24,-5.24095556702732e-08
2005-09-25,-2.01210643245588e-08
2005-09-26,-3.79296302469158e-08
2005-09-27,-2.01518488070683e-08
2005-09-28,-5.92971856804212e-08
2005-09-29,-6.02712113217757e-08
2005-09-30,-9.33305062178004e-08
2005-10-01,-2.61175574854055e-08
2005-10-02,-3.56412646821725e-08
2005-10-03,-1.84986930811914e-08
2005-10-04,-2.23215166652557e-08
2005-10-05,-1.65067071965625e-08
2005-10-06,-1.46898620727665e-08
2005-10-07,-8.5179145740247e-09
2005-10-08,-4.87483827334716e-09
2005-10-09,0
2005-10-10,-3.13906018022463e-08
2005-10-11,-8.06122920804168e-09
2005-10-12,-3.14770490185947e-08
2005-10-13,-7.03032529261756e-08
2005-10-14,-4.74105292629142e-08
2005-10-15,-1.19186532386543e-08
2005-10-16,-6.25630851355728e-08
2005-10-17,-9.75052700909792e-08
2005-10-18,-5.63354285206542e-08
2005-10-19,-3.53861183929961e-08
2005-10-20,-2.9690893446234e-08
2005-10-21,-4.96601014309967e-08
2005-10-22,-3.38119131747632e-08
2005-10-23,-4.67189020998314e-08
2005-10-24,-3.3218588491591e-08
2005-10-25,-2.59299364996833e-08
2005-10-26,-5.55645024065516e-08
2005-10-27,-5.729119910561e-08
2005-10-28,-2.56366853438561e-08
2005-10-29,-1.27382238269347e-08
2005-10-30,-4.94604843097086e-08
2005-10-31,-2.17508816044846e-08
2005-11-01,-2.06592361881685e-08
2005-11-02,-2.00857178333879e-08
2005-11-03,-4.17968140421736e-08
2005-11-04,-2.11802601949071e-08
2005-11-05,-1.39896576454132e-08
2005-11-06,-7.14381677103339e-10
2005-11-07,0
2005-11-08,-4.85208013184024e-08
2005-11-09,-4.31246187429895e-08
2005-11-10,-5.52714075414055e-08
2005-11-11,-6.10025882235728e-08
2005-11-12,-4.46523777654512e-08
2005-11-13,-1.78196599038615e-08
2005-11-14,-1.38108615489534e-08
2005-11-15,-2.30600582073296e-08
2005-11-16,-1.61158141096417e-08
2005-11-17,0
2005-11-18,-3.66317941158931e-08
2005-11-19,-3.94544596521715e-08
2005-11-20,-2.2485016935091e-08
2005-11-21,-2.08080878630885e-08
2005-11-22,-1.46350174549066e-08
2005-11-23,-5.65458660149904e-08
2005-11-24,-2.29535986089973e-08
2005-11-25,-2.52353322675241e-08
2005-11-26,-1.83565363018191e-08
2005-11-27,-1.81505425963694e-08
2005-11-28,-1.70640346830296e-08
2005-11-29,-1.09835699923138e-08
2005-11-30,0
2005-12-01,0
2005-12-02,-7.17419533821198e-09
2005-12-03,-3.79146518896941e-08
2005-12-04,-5.67477139525603e-08
2005-12-05,-1.41709114153557e-08
2005-12-06,-1.01546742620508e-08
2005-12-07,-2.95982666997271e-08
2005-12-08,-7.17871359871336e-08
2005-12-09,-1.26047517279336e-08
2005-12-10,-2.96311866619238e-08
2005-12-11,-1.12804106328139e-08
2005-12-12,-8.86290423953477e-09
2005-12-13,-1.64021496594765e-08
2005-12-14,-3.1669011687928e-08
2005-12-15,-2.37082767142408e-08
2005-12-16,-2.96313720256045e-09
2005-12-17,-2.15438156619372e-09
2005-12-18,-8.84751444567838e-09
2005-12-19,-8.8885000604313e-09
2005-12-20,-1.93454550640985e-08
2005-12-21,-8.97832338338962e-09
2005-12-22,-7.97131682920522e-09
2005-12-23,-4.425406271209e-09
2005-12-24,-7.93120725965089e-10
2005-12-25,0
2005-12-26,0
2005-12-27,-2.92018558968927e-09
2005-12-28,-1.67429389295492e-09
2005-12-29,-2.81934743222477e-09
2005-12-30,0
2005-12-31,-3.17904496762698e-09
2006-01-01,-7.10972719470547e-09
2006-01-02,-2.27014810992929e-09
2006-01-03,-4.22900889980658e-10
2006-01-04,-1.44534753949985e-09
2006-01-05,-5.45954406470106e-09
2006-01-06,0
2006-01-07,-7.41696955486601e-09
2006-01-08,-1.70728843562267e-09
2006-01-09,0
2006-01-10,0
2006-01-11,0
2006-01-12,0
2006-01-13,0
2006-01-14,0
2006-01-15,0
2006-01-16,-2.85598095137289e-08
2006-01-17,-8.27248943858389e-09
2006-01-18,-3.04687340964892e-09
2006-01-19,0
2006-01-20,0
2006-01-21,0
2006-01-22,0
2006-01-23,-3.75826523873219e-09
2006-01-24,-6.45092279443327e-11
2006-01-25,0
2006-01-26,0
2006-01-27,-5.08068302968978e-09
2006-01-28,0
2006-01-29,0
2006-01-30,-5.31043659639725e-10
2006-01-31,-2.95391904969282e-09
2006-02-01,-6.5486104516364e-10
2006-02-02,0
2006-02-03,0
2006-02-04,0
2006-02-05,0
2006-02-06,-1.42199817127476e-09
2006-02-07,-2.42311944113328e-08
2006-02-08,-2.14112296015218e-08
2006-02-09,-2.05599030439766e-08
2006-02-10,-1.3557316770846e-08
2006-02-11,-1.95882211702139e-08
2006-02-12,-1.31105595953848e-09
2006-02-13,-1.8181871364996e-08
2006-02-14,-7.97947682489016e-09
2006-02-15,-4.89786990395644e-09
2006-02-16,0
2006-02-17,0
2006-02-18,-2.57625165265382e-08
2006-02-19,-2.72560358886454e-08
2006-02-20,-1.33313743885313e-08
2006-02-21,-7.65398741711708e-09
2006-02-22,-8.0460243629304e-09
2006-02-23,-3.05906150804015e-09
2006-02-24,-1.17575442704031e-11
2006-02-25,-8.63997413846671e-09
2006-02-26,-6.95594031465039e-09
2006-02-27,-1.64889292510302e-08
2006-02-28,-8.51829252577723e-09
2006-03-01,-1.50058636344372e-08
2006-03-02,-4.15664874184434e-09
2006-03-03,-5.44490384441903e-09
2006-03-04,-1.65398928860981e-08
2006-03-05,-6.33789591631529e-09
2006-03-06,-1.30446954164144e-09
2006-03-07,-4.60861195336497e-09
2006-03-08,-4.16693204946341e-09
2006-03-09,-5.66828692060476e-11
2006-03-10,-2.73178851441682e-09
2006-03-11,0
2006-03-12,0
2006-03-13,0
2006-03-14,0
2006-03-15,-3.38000626348388e-08
2006-03-16,-5.79328802722765e-08
2006-03-17,-4.73296340980081e-08
2006-03-18,-5.27897993383643e-08
2006-03-19,-4.79498919792851e-08
2006-03-20,-4.2934545873229e-08
2006-03-21,-5.40921940362745e-08
2006-03-22,-1.51124530648791e-08
2006-03-23,-2.10411251838729e-08
2006-03-24,-5.79206562916399e-09
2006-03-25,-1.83056378566771e-09
2006-03-26,-4.35881795970648e-09
2006-03-27,-1.68494920435542e-08
2006-03-28,-1.64676361476052e-08
2006-03-29,-7.29776372053345e-09
2006-03-30,-1.06793509485002e-08
2006-03-31,-5.46348088135583e-09
2006-04-01,0
2006-04-02,0
2006-04-03,-2.07566760030869e-08
2006-04-04,-1.64893344676124e-08
2006-04-05,-2.0332981493062e-08
2006-04-06,-1.27900886030834e-08
2006-04-07,-1.3275146246998e-08
2006-04-08,0
2006-04-09,-2.61003531752167e-08
2006-04-10,-1.39102312286073e-08
2006-04-11,-1.15761705230303e-08
2006-04-12,-6.18289460851907e-09
2006-04-13,0
2006-04-14,0
2006-04-15,0
2006-04-16,-6.27132570728649e-09
2006-04-17,-1.93001482924784e-08
2006-04-18,-1.65057606467108e-08
2006-04-19,-7.49822901980308e-09
2006-04-20,-2.54484052506281e-08
2006-04-21,-7.36822898874722e-09
2006-04-22,-9.30725433630609e-09
2006-04-23,-2.68361154274169e-08
2006-04-24,-2.6480655002222e-08
2006-04-25,-3.10420086287475e-09
2006-04-26,-2.35658005391731e-08
2006-04-27,-2.80962388298179e-08
2006-04-28,-2.07805047557446e-08
2006-04-29,-2.28283124137361e-08
2006-04-30,-1.90653899363478e-08
2006-05-01,-1.21329622367341e-08
2006-05-02,-1.61908000027973e-08
2006-05-03,-5.00119360355821e-09
2006-05-04,0
2006-05-05,0
2006-05-06,-6.59970669798565e-09
2006-05-07,-1.3646567709725e-08
2006-05-08,-1.23168357917125e-08
2006-05-09,-1.34197667299493e-08
2006-05-10,-6.62649148261246e-09
2006-05-11,0
2006-05-12,0
2006-05-13,0
2006-05-14,-1.00253589950196e-08
2006-05-15,-1.34564441963714e-08
2006-05-16,-7.65688716699829e-09
2006-05-17,-4.07296435329897e-09
2006-05-18,-6.72729121879602e-09
2006-05-19,0
2006-05-20,-1.4182053680975e-08
2006-05-21,-1.95124352134285e-08
2006-05-22,-3.96876274116951e-08
2006-05-23,-4.77439339062088e-08
2006-05-24,-3.17935084848993e-08
2006-05-25,-1.02988048057147e-08
2006-05-26,-3.71587479238092e-10
2006-05-27,0
2006-05-28,0
2006-05-29,0
2006-05-30,0
2006-05-31,0
2006-06-01,0
2006-06-02,0
2006-06-03,-7.4056010359548e-10
2006-06-04,-1.20590555550297e-08
2006-06-05,-2.18897030222885e-08
2006-06-06,-1.12680912960585e-08
2006-06-07,-4.22218611279438e-09
2006-06-08,-2.0496945644297e-08
2006-06-09,-7.59343220613908e-09
2006-06-10,-2.31445344861569e-09
2006-06-11,-5.88811509049852e-08
2006-06-12,-2.15011020514497e-08
2006-06-13,-6.08040245182045e-10
2006-06-14,-4.55410537523109e-09
2006-06-15,-9.35919142834933e-09
2006-06-16,-3.19532100207254e-08
2006-06-17,-1.03324912023841e-08
2006-06-18,0
2006-06-19,0
2006-06-20,0
2006-06-21,-2.60402989988359e-08
2006-06-22,-1.63204086355261e-08
2006-06-23,0
2006-06-24,-3.3232703652854e-09
2006-06-25,-4.71991958362386e-09
2006-06-26,-1.49512344740562e-08
2006-06-27,-2.43548425213362e-08
2006-06-28,-2.85596945243596e-08
2006-06-29,-8.40560982211669e-09
2006-06-30,-1.46957439068651e-08
2006-07-01,-5.8212039010715e-08
2006-07-02,-2.93603370858521e-08
2006-07-03,-2.86772188033749e-08
2006-07-04,-2.21412930376341e-08
2006-07-05,-2.46038533667111e-08
2006-07-06,-3.49055285589267e-08
2006-07-07,-5.41921473299329e-08
2006-07-08,-2.59742657731821e-08
2006-07-09,-2.00420198644221e-08
2006-07-10,-3.03817167141053e-08
2006-07-11,-3.17322959542209e-08
2006-07-12,-1.91356516437535e-08
2006-07-13,-3.04463621696326e-08
2006-07-14,-1.52704663894886e-08
2006-07-15,-1.34337910954805e-08
2006-07-16,-1.43046999503397e-08
2006-07-17,-1.72836503437639e-08
2006-07-18,-1.81420189510495e-08
2006-07-19,-3.78181722788567e-08
2006-07-20,-4.10728385475949e-08
2006-07-21,-4.95042447023997e-08
2006-07-22,-2.05335447096729e-08
2006-07-23,-3.95997819288374e-08
2006-07-24,-4.31668372796071e-08
2006-07-25,-4.02297268941936e-08
2006-07-26,-3.39822379258935e-08
2006-07-27,-2.90175724961912e-08
2006-07-28,-2.89033905069553e-08
2006-07-29,-4.92754705054676e-08
2006-07-30,-4.07321329697188e-08
2006-07-31,-5.07225058722308e-08
2006-08-01,-3.16789894400617e-08
2006-08-02,-1.38321118942415e-08
2006-08-03,-2.62561385671145e-08
2006-08-04,-3.25003361987681e-08
2006-08-05,-4.83541796693061e-08
2006-08-06,-6.62555914807985e-08
2006-08-07,-5.69615298568229e-08
2006-08-08,-3.43230796029267e-08
2006-08-09,-8.12716413430778e-08
2006-08-10,-4.50985754762288e-08
2006-08-11,-7.68798031909808e-08
2006-08-12,-8.59466886472699e-08
2006-08-13,-9.12353522187234e-08
2006-08-14,-6.89383670845136e-08
2006-08-15,-5.08102396080459e-08
2006-08-16,-3.90861217343339e-08
2006-08-17,-4.43524111662782e-08
2006-08-18,-6.56010701335248e-09
2006-08-19,-2.9744903196268e-08
2006-08-20,-2.30929812219635e-08
2006-08-21,-4.759067770399e-08
2006-08-22,-4.63979732838976e-08
2006-08-23,-3.94448269834347e-08
2006-08-24,-6.29806687966333e-08
2006-08-25,-4.5557107044502e-08
2006-08-26,-3.76595564432851e-08
2006-08-27,-4.47640588774593e-08
2006-08-28,-8.06036682708728e-08
2006-08-29,-2.24124690538125e-08
2006-08-30,-1.22359038857659e-08
2006-08-31,-4.9697278590218e-08
2006-09-01,-5.19081030561535e-08
2006-09-02,-4.25523029415412e-08
2006-09-03,-9.48151980354098e-08
2006-09-04,-3.50856838531763e-08
2006-09-05,-2.58297863574443e-08
2006-09-06,-2.37486336851021e-08
2006-09-07,-2.08542700042173e-08
2006-09-08,-2.19430631225056e-08
2006-09-09,-2.4247735257234e-08
2006-09-10,-2.79869757639324e-08
2006-09-11,-4.75032956915868e-08
2006-09-12,-4.34214389698263e-08
2006-09-13,-1.52874739271529e-08
2006-09-14,-4.39245518524197e-08
2006-09-15,-1.42048505040572e-08
2006-09-16,-7.74353432953199e-09
2006-09-17,-1.67263378682017e-08
2006-09-18,-1.68233584399967e-08
2006-09-19,-2.38604578064189e-08
2006-09-20,-8.55068471639893e-09
2006-09-21,-6.12578203337198e-08
2006-09-22,-5.66254703153724e-08
2006-09-23,-3.77709064889906e-08
2006-09-24,-1.98837892570328e-08
2006-09-25,-5.88264253821691e-08
2006-09-26,-3.05254146393043e-08
2006-09-27,-4.42158063989015e-08
2006-09-28,-3.49847805640451e-08
2006-09-29,-5.51765347101631e-08
2006-09-30,-6.45280495684265e-08
2006-10-01,-4.39132628813218e-08
2006-10-02,-2.37962736467764e-08
2006-10-03,-3.784672408859e-08
2006-10-04,-1.04113674779566e-08
2006-10-05,-4.06717367821147e-09
2006-10-06,-3.57967704370354e-08
2006-10-07,-2.76410018640106e-08
2006-10-08,-1.5888575619232e-08
2006-10-09,-2.22098439598889e-08
2006-10-10,-1.84932507809173e-08
2006-10-11,-9.25646541936316e-09
2006-10-12,-4.97097175593519e-08
2006-10-13,-3.24575472576461e-08
2006-10-14,-5.17384566476897e-08
2006-10-15,-4.34507147466736e-08
2006-10-16,-3.344955510547e-08
2006-10-17,-1.91375915585502e-08
2006-10-18,-6.02127794665003e-08
2006-10-19,-1.29752588643649e-08
2006-10-20,-1.17718492367165e-08
2006-10-21,-2.54872339779672e-08
2006-10-22,-6.75995476252304e-08
2006-10-23,-2.34445490777632e-08
2006-10-24,-3.22600716825512e-08
2006-10-25,-4.35088813465416e-08
2006-10-26,-6.4886761918637e-08
2006-10-27,-5.91729804959402e-08
2006-10-28,-2.22634472714374e-08
2006-10-29,-1.17384570114471e-08
2006-10-30,-9.58082564571024e-08
2006-10-31,-3.99153956139247e-08
2006-11-01,-3.62047770761962e-09
2006-11-02,-9.39429621127158e-09
2006-11-03,-1.94321041640784e-08
2006-11-04,-3.10097959818703e-08
2006-11-05,-2.48852994374552e-08
2006-11-06,-2.10129458021756e-08
2006-11-07,-9.18237014710317e-09
2006-11-08,-1.24052301759903e-08
2006-11-09,0
2006-11-10,0
2006-11-11,-1.65253856925231e-08
2006-11-12,-1.85442572150923e-09
2006-11-13,0
2006-11-14,0
2006-11-15,0
2006-11-16,0
2006-11-17,0
2006-11-18,-1.2566146309482e-08
2006-11-19,-2.20057790219002e-08
2006-11-20,-2.14009018788068e-08
2006-11-21,-4.46503565691784e-08
2006-11-22,-1.73143039483691e-08
2006-11-23,-2.00434829046257e-08
2006-11-24,-1.93273451895831e-08
2006-11-25,-2.53393566276938e-08
2006-11-26,-1.96187947002326e-08
2006-11-27,-1.3794849723989e-08
2006-11-28,-4.00911387342296e-09
2006-11-29,-2.08244507322968e-08
2006-11-30,-2.52300916917455e-09
2006-12-01,0
2006-12-02,0
2006-12-03,-6.27222805064574e-08
2006-12-04,-2.68884238904175e-08
2006-12-05,-5.02436815115214e-08
2006-12-06,-2.28557653800251e-08
2006-12-07,-4.25385732016448e-08
2006-12-08,-1.41475141850595e-08
2006-12-09,-7.17943121607147e-08
2006-12-10,-2.49160277891258e-08
2006-12-11,-1.67539261232079e-08
2006-12-12,-1.09276579341078e-08
2006-12-13,-1.68317541633682e-08
2006-12-14,-3.78971781353273e-09
2006-12-15,-5.80820653416238e-09
2006-12-16,0
2006-12-17,-1.04702942651882e-08
2006-12-18,-3.08217505017383e-09
2006-12-19,-1.67274269204548e-08
2006-12-20,-2.50133976315554e-08
2006-12-21,-1.89710662081286e-08
2006-12-22,-1.88892945718836e-08
2006-12-23,-1.50106158944534e-08
2006-12-24,-3.63365282289068e-09
2006-12-25,-1.56949423185834e-08
2006-12-26,-6.9318632774452e-09
2006-12-27,-2.51518839592523e-09
2006-12-28,-3.1461971290376e-08
2006-12-29,-1.08948272659824e-08
2006-12-30,-2.2721603357818e-08
2006-12-31,-1.73071012858581e-08
2007-01-01,-1.77576477089385e-09
2007-01-02,-1.0901285049951e-09
2007-01-03,-2.04655272644913e-08
2007-01-04,-1.13728726241161e-08
2007-01-05,-7.21839957211073e-09
2007-01-06,0
2007-01-07,0
2007-01-08,-2.77218857229731e-09
2007-01-09,-3.99916906724716e-09
2007-01-10,-1.48530044937294e-08
2007-01-11,-5.48740455319707e-08
2007-01-12,-1.75655735242391e-08
2007-01-13,-4.7791954219599e-09
2007-01-14,-8.2807512587322e-09
2007-01-15,-1.2721829462298e-09
2007-01-16,-8.26746818504266e-09
2007-01-17,-3.6478067707314e-08
2007-01-18,-1.05702603677635e-08
2007-01-19,-8.80149667880289e-09
2007-01-20,-3.80716710460213e-09
2007-01-21,-3.05014235993912e-08
2007-01-22,-1.1092977147737e-08
2007-01-23,-3.62712525901139e-09
2007-01-24,-2.32991520927674e-09
2007-01-25,-5.27819770529268e-09
2007-01-26,-1.71323652337214e-08
2007-01-27,-1.60313335168318e-08
2007-01-28,-4.51496594705774e-09
2007-01-29,-1.08572289194069e-09
2007-01-30,-1.13504505594602e-08
2007-01-31,-2.96271840939075e-09
2007-02-01,-4.11052684800864e-09
2007-02-02,-1.47702106390672e-09
2007-02-03,-2.00554129833585e-09
2007-02-04,-6.22194938078433e-09
2007-02-05,-9.79610377521451e-09
2007-02-06,-1.85275994857257e-08
2007-02-07,-4.76807316440179e-09
2007-02-08,-8.18161273682159e-09
2007-02-09,-8.74366028121009e-09
2007-02-10,-6.61335072745244e-09
2007-02-11,-2.19550275362138e-09
2007-02-12,-7.60333808614096e-09
2007-02-13,-8.58598240688246e-09
2007-02-14,-8.20024447139046e-09
2007-02-15,-1.11600145346742e-08
2007-02-16,-1.36629053384574e-08
2007-02-17,-5.28508254575002e-09
2007-02-18,0
2007-02-19,-3.00715075582001e-09
2007-02-20,-2.34214542365167e-09
2007-02-21,-5.95481533702214e-10
2007-02-22,0
2007-02-23,0
2007-02-24,-5.63545930815072e-09
2007-02-25,0
2007-02-26,0
2007-02-27,0
2007-02-28,-7.90473590512725e-10
2007-03-01,0
2007-03-02,-8.26742207687912e-12
2007-03-03,-4.06391623379079e-10
2007-03-04,0
2007-03-05,-1.06081997002788e-10
2007-03-06,-9.36120743460129e-09
2007-03-07,-8.83623526637342e-09
2007-03-08,-5.70310951927018e-09
2007-03-09,-1.10384116694908e-08
2007-03-10,-2.08173348315588e-09
2007-03-11,-2.11414772337801e-09
2007-03-12,0
2007-03-13,0
2007-03-14,-2.40673937795028e-09
2007-03-15,0
2007-03-16,-9.08605749803479e-09
2007-03-17,-1.08319168149579e-08
2007-03-18,-1.47057054073006e-08
2007-03-19,-1.5612150404301e-08
2007-03-20,-7.03557430570157e-09
2007-03-21,-7.26905780495062e-09
2007-03-22,-2.05857331031633e-09
2007-03-23,0
2007-03-24,0
2007-03-25,-5.58477037525508e-09
2007-03-26,-6.50277146080676e-09
2007-03-27,-4.79539675806377e-09
2007-03-28,0
2007-03-29,-5.45390155457332e-08
2007-03-30,-5.65722032893547e-08
2007-03-31,-3.43681366258236e-08
2007-04-01,-1.98031930889945e-08
2007-04-02,-1.44186770599089e-08
2007-04-03,-7.82304479841067e-09
2007-04-04,-1.06614648121675e-08
2007-04-05,-2.23925426596667e-08
2007-04-06,-2.86192473111607e-08
2007-04-07,-2.01965925184736e-08
2007-04-08,-1.31560652871861e-08
2007-04-09,-3.61135061769697e-08
2007-04-10,-2.35766668260798e-08
2007-04-11,-2.40028316197147e-08
2007-04-12,-6.48244649750543e-09
2007-04-13,-1.54024140134557e-08
2007-04-14,-1.56509432068906e-08
2007-04-15,-7.33590682965400e-09
2007-04-16,-2.15626179243481e-08
2007-04-17,-7.4417850276088e-09
2007-04-18,-1.24851402527969e-08
2007-04-19,-4.86901048851263e-09
2007-04-20,-1.18154742945236e-08
2007-04-21,-9.55554990163665e-09
2007-04-22,-8.47216745979517e-09
2007-04-23,-3.43738372000244e-12
2007-04-24,0
2007-04-25,-1.78301257136143e-08
2007-04-26,-4.68820713634412e-09
2007-04-27,-7.26527533983453e-09
2007-04-28,0
2007-04-29,0
2007-04-30,0
2007-05-01,-2.53829394281779e-08
2007-05-02,-1.18536723510254e-08
2007-05-03,-2.61049672146415e-08
2007-05-04,-3.10973845418334e-08
2007-05-05,-2.78598251273453e-08
2007-05-06,-2.86709595707496e-08
2007-05-07,-1.61228631431309e-08
2007-05-08,-1.20545016712017e-08
2007-05-09,-2.70940612981491e-09
2007-05-10,0
2007-05-11,0
2007-05-12,0
2007-05-13,-1.19238693164242e-08
2007-05-14,-4.03308813560042e-08
2007-05-15,-1.74803620104693e-08
2007-05-16,0
2007-05-17,0
2007-05-18,-1.03303410240848e-08
2007-05-19,-1.15628004721562e-08
2007-05-20,-3.46899980036643e-09
2007-05-21,-1.90556453724415e-08
2007-05-22,-1.86871261567088e-08
2007-05-23,-1.46096575202377e-09
2007-05-24,-1.50007807938194e-09
2007-05-25,0
2007-05-26,0
2007-05-27,-1.41453783278114e-08
2007-05-28,-4.54342684766009e-09
2007-05-29,-1.69532355773924e-08
2007-05-30,-1.6782557529244e-08
2007-05-31,-3.13537635913343e-09
2007-06-01,-4.49496174864825e-09
2007-06-02,0
2007-06-03,0
2007-06-04,0
2007-06-05,-5.3986396459152e-09
2007-06-06,-2.46914635992435e-09
2007-06-07,-4.79018318076607e-08
2007-06-08,-1.68187715587194e-08
2007-06-09,0
2007-06-10,0
2007-06-11,-7.29010163908317e-09
2007-06-12,-4.59324029257126e-09
2007-06-13,-7.56339703018503e-09
2007-06-14,-3.22680874632544e-08
2007-06-15,-1.56768031811828e-08
2007-06-16,-6.54535944681184e-09
2007-06-17,-9.09211618264542e-09
2007-06-18,-2.12666871558866e-08
2007-06-19,-2.9322061970667e-08
2007-06-20,-4.38791361551382e-09
2007-06-21,-4.63093337780534e-08
2007-06-22,-4.09960028737899e-08
2007-06-23,-1.02716078029056e-07
2007-06-24,-6.52194528536286e-08
2007-06-25,-2.92033446267182e-08
2007-06-26,-4.91360187928573e-09
2007-06-27,0
2007-06-28,0
2007-06-29,-1.1213905436353e-08
2007-06-30,-4.10202314500685e-08
2007-07-01,-4.53723686470447e-08
2007-07-02,-7.96560869073688e-08
2007-07-03,-5.75899248305819e-08
2007-07-04,-1.5513405482002e-08
2007-07-05,-4.51197815991753e-08
2007-07-06,-7.5816159823929e-09
2007-07-07,-3.35555874111101e-08
2007-07-08,-2.85235095295217e-08
2007-07-09,-1.08549357574111e-08
2007-07-10,-1.41447559036042e-09
2007-07-11,0
2007-07-12,-1.31350774498966e-08
2007-07-13,-3.05766016355822e-08
2007-07-14,-4.80203858377657e-08
2007-07-15,-3.60433359313152e-08
2007-07-16,-2.52356630067711e-08
2007-07-17,-2.40888523259174e-08
2007-07-18,-2.97140078117412e-08
2007-07-19,-2.06392214471201e-08
2007-07-20,-3.12100667249191e-08
2007-07-21,-7.26582321525931e-08
2007-07-22,-4.56150017680718e-08
2007-07-23,-2.76840845344886e-08
2007-07-24,-3.46550199675891e-08
2007-07-25,-1.75461605039029e-08
2007-07-26,-2.12110022856467e-08
2007-07-27,-2.73869606371017e-08
2007-07-28,-3.19931673763798e-08
2007-07-29,-2.51119461583919e-08
2007-07-30,-2.18384701459123e-08
2007-07-31,-1.76360637483854e-08
2007-08-01,-4.06129960780527e-08
2007-08-02,-2.12822504952277e-08
2007-08-03,-2.49381205748211e-08
2007-08-04,-4.21532493671299e-08
2007-08-05,-8.72165878393058e-08
2007-08-06,-1.08914772750834e-08
2007-08-07,-2.27353724047983e-08
2007-08-08,-1.95700120183998e-08
2007-08-09,-5.72673747481308e-08
2007-08-10,-8.24991740348911e-09
2007-08-11,-2.9837680693177e-08
2007-08-12,-4.47470842661422e-08
2007-08-13,-3.66684767366442e-08
2007-08-14,-6.32983010837073e-08
2007-08-15,-3.59146861532936e-08
2007-08-16,-4.73731995813425e-08
2007-08-17,-3.45556113123225e-08
2007-08-18,-5.94366212013557e-08
2007-08-19,-9.88428589349827e-08
2007-08-20,-4.96660304170428e-08
2007-08-21,-1.01150347949402e-08
2007-08-22,-4.92203855554504e-08
2007-08-23,-4.97668607196658e-08
2007-08-24,-4.47824526691362e-08
2007-08-25,-5.72798222709274e-09
2007-08-26,-1.46545434018429e-10
2007-08-27,-4.4385120588538e-08
2007-08-28,-2.23388133532311e-08
2007-08-29,-3.0524809109316e-08
2007-08-30,-3.73229630163343e-08
2007-08-31,-2.49854878405757e-08
2007-09-01,-3.90605294052485e-08
2007-09-02,-8.10596104351636e-08
2007-09-03,-5.45449306956464e-08
2007-09-04,-4.24899052839618e-08
2007-09-05,-7.2393236839508e-08
2007-09-06,-3.01129946789727e-08
2007-09-07,-3.21434036633415e-08
2007-09-08,-1.94865204772765e-08
2007-09-09,-1.75418927828081e-08
2007-09-10,-1.80577766829289e-08
2007-09-11,-8.04746050832135e-09
2007-09-12,-3.34289149791614e-08
2007-09-13,-7.22074007818567e-08
2007-09-14,-2.23457861042677e-08
2007-09-15,-7.06836354942464e-08
2007-09-16,-1.10334773683248e-07
2007-09-17,-4.15055002841991e-08
2007-09-18,-3.16912490324916e-08
2007-09-19,-3.87481373606816e-08
2007-09-20,-3.33407992390802e-08
2007-09-21,-2.57139945790551e-08
2007-09-22,-2.17115454025844e-08
2007-09-23,-1.0830991242069e-08
2007-09-24,-6.75242652245722e-08
2007-09-25,-3.43793036601931e-08
2007-09-26,-2.40732279956597e-08
2007-09-27,-1.08101358786611e-08
2007-09-28,-4.72784649822553e-09
2007-09-29,-4.66100660624886e-08
2007-09-30,-6.2168489422126e-08
2007-10-01,-4.04460572553225e-08
2007-10-02,-4.46250203417094e-08
2007-10-03,-3.9981237698311e-08
2007-10-04,-1.8746010537805e-08
2007-10-05,-2.58628297754489e-08
2007-10-06,-1.34734334233713e-08
2007-10-07,-7.70759603173793e-09
2007-10-08,-3.5060630781304e-08
2007-10-09,-1.44008623547262e-08
2007-10-10,-4.13743454199745e-08
2007-10-11,-3.29314476688735e-08
2007-10-12,-4.12090626434384e-08
2007-10-13,-1.08123952875685e-07
2007-10-14,-4.90516255132426e-08
2007-10-15,-5.9240456545104e-08
2007-10-16,-5.96417963709004e-08
2007-10-17,-4.39338410753236e-08
2007-10-18,-1.70587927928443e-08
2007-10-19,-8.23041287515835e-09
2007-10-20,0
2007-10-21,-4.88351247593838e-08
2007-10-22,-2.81723781241219e-08
2007-10-23,-1.61233674091587e-08
2007-10-24,0
2007-10-25,-9.40456253840274e-09
2007-10-26,-2.49421973243895e-08
2007-10-27,-4.22160939090075e-08
2007-10-28,-4.28605579835561e-09
2007-10-29,-9.61453668032916e-08
2007-10-30,-3.97545998855318e-08
2007-10-31,-1.75668777314822e-08
2007-11-01,-3.62327591253047e-08
2007-11-02,-4.48608939700387e-08
2007-11-03,-2.87082983009644e-08
2007-11-04,-5.1441095382377e-08
2007-11-05,-3.12080067954228e-08
2007-11-06,-3.64958516398786e-08
2007-11-07,-4.22224795452374e-08
2007-11-08,-4.80192227370367e-08
2007-11-09,-1.52865212464829e-08
2007-11-10,-1.72673759270249e-08
2007-11-11,-4.64728021829488e-08
2007-11-12,-3.250638479049e-08
2007-11-13,-2.60460361806134e-08
2007-11-14,-1.81859881247199e-08
2007-11-15,-1.37452618231987e-08
2007-11-16,-2.16465091839582e-09
2007-11-17,-7.50555039323608e-08
2007-11-18,-3.81417650816615e-08
2007-11-19,-1.4092639554685e-08
2007-11-20,-2.19322341054789e-08
2007-11-21,-1.23625870638904e-08
2007-11-22,-1.78013040797424e-08
2007-11-23,0
2007-11-24,-5.7719803583776e-08
2007-11-25,-2.10925275426806e-08
2007-11-26,-2.01061407599659e-08
2007-11-27,-9.0738952401934e-09
2007-11-28,-2.1494270032301e-08
2007-11-29,-1.62870905289752e-09
2007-11-30,-1.95133777532771e-08
2007-12-01,-3.59843759579278e-08
2007-12-02,-7.46098649445615e-08
2007-12-03,-2.14807212104188e-08
2007-12-04,-2.35591245558443e-08
2007-12-05,-3.28224571793081e-08
2007-12-06,-1.32775917357423e-08
2007-12-07,-1.49692760162629e-08
2007-12-08,-1.45783681473763e-08
2007-12-09,-1.63153667228032e-08
2007-12-10,-9.25426203670787e-09
2007-12-11,-9.10928449017063e-09
2007-12-12,-7.95802595939304e-09
2007-12-13,-2.88805489038905e-08
2007-12-14,-1.57251626208786e-08
2007-12-15,-1.74963053163797e-08
2007-12-16,-1.39615922990317e-08
2007-12-17,-7.88063421368504e-09
2007-12-18,-2.09363140148624e-08
2007-12-19,-4.79231919769761e-09
2007-12-20,-2.56674289528439e-09
2007-12-21,-2.36701992950687e-09
2007-12-22,-4.61308759834044e-09
2007-12-23,-1.37434850526547e-09
2007-12-24,0
2007-12-25,-8.75019790418568e-09
2007-12-26,0
2007-12-27,0
2007-12-28,-2.47824564916934e-09
2007-12-29,0
2007-12-30,0
2007-12-31,-1.0720494566971e-10
2008-01-01,0
2008-01-02,-2.19831953105106e-09
2008-01-03,-1.54799078500952e-08
2008-01-04,-8.74952507993010e-09
2008-01-05,-3.76000542040149e-09
2008-01-06,-2.11295249798795e-09
2008-01-07,0
2008-01-08,0
2008-01-09,0
2008-01-10,0
2008-01-11,0
2008-01-12,0
2008-01-13,0
2008-01-14,-1.46527462701889e-10
2008-01-15,-2.54230693799322e-09
2008-01-16,-3.30173568325688e-09
2008-01-17,-6.30875909234341e-10
2008-01-18,-4.31325330739578e-09
2008-01-19,0
2008-01-20,-2.34053901288487e-09
2008-01-21,-9.88473399872023e-09
2008-01-22,-6.91654789275736e-09
2008-01-23,-4.90553265827051e-09
2008-01-24,-4.53889313103198e-09
2008-01-25,-5.7013659218867e-09
2008-01-26,-6.68059337369422e-09
2008-01-27,-4.9800458418174e-10
2008-01-28,-2.6533935543197e-09
2008-01-29,0
2008-01-30,-2.40375746277568e-09
2008-01-31,-5.31950537240329e-09
2008-02-01,0
2008-02-02,-7.3402718487677e-09
2008-02-03,0
2008-02-04,0
2008-02-05,0
2008-02-06,0
2008-02-07,-1.56215846271714e-09
2008-02-08,-2.76866049343647e-09
2008-02-09,-1.40630269431732e-09
2008-02-10,-3.87433207391578e-09
2008-02-11,-9.12085820879138e-09
2008-02-12,-6.94476775921751e-09
2008-02-13,-8.93810813537732e-10
2008-02-14,-2.56821356861495e-09
2008-02-15,-1.3265016040238e-09
2008-02-16,-4.4571413940599e-09
2008-02-17,-4.30506954910977e-09
2008-02-18,-4.54021083495732e-09
2008-02-19,0
2008-02-20,-1.62954777631363e-08
2008-02-21,-1.45189357213002e-08
2008-02-22,-6.2585715885129e-09
2008-02-23,-6.42781032183259e-09
2008-02-24,-3.73793875695309e-09
2008-02-25,0
2008-02-26,0
2008-02-27,-2.77902944105684e-09
2008-02-28,-1.42820085981274e-08
2008-02-29,-6.71043626358226e-09
2008-03-01,-5.72882893699016e-09
2008-03-02,-2.57262233022514e-09
2008-03-03,0
2008-03-04,0
2008-03-05,-1.6636894917416e-09
2008-03-06,0
2008-03-07,0
2008-03-08,0
2008-03-09,0
2008-03-10,-2.17163956713043e-08
2008-03-11,-1.42714259808983e-08
2008-03-12,-2.25735393945145e-09
2008-03-13,-4.83111380244014e-09
2008-03-14,-9.61032102112958e-09
2008-03-15,-6.6024613616392e-11
2008-03-16,-3.89107578390254e-09
2008-03-17,-2.99925206130528e-08
2008-03-18,-3.52801691413147e-08
2008-03-19,-1.11199361030096e-08
2008-03-20,-1.37639015491178e-08
2008-03-21,-3.22275189626019e-08
2008-03-22,-6.39705119944861e-08
2008-03-23,-3.62522248589976e-08
2008-03-24,-2.34547388414668e-08
2008-03-25,-1.20858557485409e-08
2008-03-26,-2.69663312553484e-08
2008-03-27,-1.23666599304802e-08
2008-03-28,-1.11160575357141e-08
2008-03-29,-1.23128369309296e-08
2008-03-30,-4.33655654355573e-08
2008-03-31,-5.51075212587143e-09
2008-04-01,-3.81790972667362e-09
2008-04-02,0
2008-04-03,-4.30069802171616e-08
2008-04-04,-1.70768670711536e-08
2008-04-05,-2.14876672019116e-09
2008-04-06,-2.81275701353983e-09
2008-04-07,-5.46299093244424e-09
2008-04-08,-1.71608848473927e-08
2008-04-09,-9.36629297933847e-09
2008-04-10,-5.33972734128917e-10
2008-04-11,-1.1984454215653e-08
2008-04-12,-1.60919782042642e-09
2008-04-13,0
2008-04-14,-2.80270409735076e-08
2008-04-15,-1.77496288728639e-08
2008-04-16,-1.56868573649957e-08
2008-04-17,-1.20381408398865e-08
2008-04-18,-5.4696088239356e-09
2008-04-19,-2.24360979927805e-09
2008-04-20,0
2008-04-21,0
2008-04-22,-2.07009972677448e-09
2008-04-23,-1.71686148399443e-09
2008-04-24,0
2008-04-25,-2.2242997736561e-08
2008-04-26,-3.20472481534264e-09
2008-04-27,-1.88401355822375e-08
2008-04-28,-6.66730377961725e-09
2008-04-29,-2.35726518222163e-08
2008-04-30,-3.65700587065317e-08
2008-05-01,-2.42583959196e-08
2008-05-02,-1.26875365578209e-08
2008-05-03,-7.36724037985021e-09
2008-05-04,-2.77883916025161e-08
2008-05-05,-8.06194930923745e-10
2008-05-06,-5.65074841508397e-09
2008-05-07,-1.13713523544302e-08
2008-05-08,-9.43053744333465e-09
2008-05-09,-3.04750363848335e-09
2008-05-10,-7.45362241913099e-09
2008-05-11,-1.45318521465838e-08
2008-05-12,-1.71553891916012e-08
2008-05-13,-2.217551327177e-08
2008-05-14,-1.83023374011976e-08
2008-05-15,-1.41232123082901e-08
2008-05-16,-5.13170064136064e-09
2008-05-17,-5.33535198693913e-09
2008-05-18,-1.55187712404094e-08
2008-05-19,-1.8677293977142e-08
2008-05-20,-5.97656889802308e-08
2008-05-21,-5.19654771837302e-09
2008-05-22,-2.38549521584156e-08
2008-05-23,-3.37567254237326e-08
2008-05-24,-3.61479488303826e-08
2008-05-25,-1.97947411329634e-08
2008-05-26,-1.617950336322e-08
2008-05-27,0
2008-05-28,-7.58318878689176e-09
2008-05-29,-3.29570718011574e-08
2008-05-30,-2.39793274035938e-08
2008-05-31,-1.03662722397595e-08
2008-06-01,0
2008-06-02,-2.17075724669297e-08
2008-06-03,-1.24171610238372e-08
2008-06-04,-2.45747002831691e-09
2008-06-05,-5.69650312767015e-09
2008-06-06,-1.59430662696746e-09
2008-06-07,0
2008-06-08,0
2008-06-09,0
2008-06-10,0
2008-06-11,0
2008-06-12,-1.86579397535185e-08
2008-06-13,-3.72653476947356e-08
2008-06-14,-1.64816971509179e-08
2008-06-15,-6.019100749139e-09
2008-06-16,-1.2462256175417e-08
2008-06-17,-1.85597434284292e-08
2008-06-18,-3.267594522763e-08
2008-06-19,-3.03085241021946e-08
2008-06-20,-1.7240057982726e-08
2008-06-21,-2.8810144727648e-08
2008-06-22,-1.38833238799019e-08
2008-06-23,-1.98402188119119e-08
2008-06-24,-1.61527312047174e-08
2008-06-25,-4.7332475808273e-08
2008-06-26,-2.31432608809094e-08
2008-06-27,-7.59209977411427e-09
2008-06-28,-6.01755759893332e-09
2008-06-29,-2.21147379963787e-08
2008-06-30,-6.95888125565225e-09
2008-07-01,-1.12386027073099e-08
2008-07-02,-1.62085559005625e-08
2008-07-03,-2.91338449049764e-08
2008-07-04,-3.07244506840528e-08
2008-07-05,-1.5908661459426e-08
2008-07-06,-2.80084730868627e-08
2008-07-07,-1.83437858457272e-08
2008-07-08,-1.42951290796145e-08
2008-07-09,-2.96989407079267e-08
2008-07-10,-2.9572197111389e-08
2008-07-11,-7.0098101949981e-08
2008-07-12,-2.89740971733943e-08
2008-07-13,-3.35159119825373e-08
2008-07-14,-6.49435823187714e-08
2008-07-15,-4.68365495326955e-08
2008-07-16,-3.18779701520731e-08
2008-07-17,-3.26352604582883e-08
2008-07-18,-2.98785698777389e-08
2008-07-19,-2.7505215852516e-08
2008-07-20,-2.80605038232825e-08
2008-07-21,-1.30798660726171e-08
2008-07-22,-2.59039512389592e-08
2008-07-23,-4.3541292556833e-08
2008-07-24,-7.05999501010043e-08
2008-07-25,-6.34926274016116e-08
2008-07-26,-2.96207684335652e-08
2008-07-27,-4.65676177996158e-08
2008-07-28,-3.06256801338453e-08
2008-07-29,-4.4661245869209e-08
2008-07-30,-4.57908444275105e-08
2008-07-31,-3.62876123987302e-08
2008-08-01,-3.38692717702481e-08
2008-08-02,-2.44863330017974e-08
2008-08-03,-3.02262365072398e-08
2008-08-04,-5.70406092825292e-08
2008-08-05,-6.1312857446091e-08
2008-08-06,-3.85676055724575e-08
2008-08-07,-2.36628087470773e-08
2008-08-08,-3.79650580211418e-08
2008-08-09,-2.34828360733602e-08
2008-08-10,-2.94514427705084e-08
2008-08-11,-4.13486634768245e-08
2008-08-12,-3.15449835210762e-08
2008-08-13,-5.75036440580382e-08
2008-08-14,-3.36634122983927e-08
2008-08-15,-2.81052521382715e-08
2008-08-16,-1.58790087407503e-08
2008-08-17,-5.09186739481883e-08
2008-08-18,-4.51548092051206e-08
2008-08-19,-4.26293601387097e-08
2008-08-20,-9.89179264818485e-08
2008-08-21,-6.8817283802592e-08
2008-08-22,-1.84623223395508e-08
2008-08-23,-3.30851823062281e-08
2008-08-24,-4.60336079703256e-08
2008-08-25,-3.37805769585624e-08
2008-08-26,-6.67194148961033e-08
2008-08-27,-6.69207928467718e-08
2008-08-28,-1.85018538478975e-08
2008-08-29,-3.52953580359851e-08
2008-08-30,-2.41761116439929e-08
2008-08-31,-3.58792221819115e-08
2008-09-01,-5.93922925091706e-08
2008-09-02,-6.1532650851783e-08
2008-09-03,-2.09720939617962e-08
2008-09-04,-2.46060521004682e-08
2008-09-05,-1.01940733841885e-08
2008-09-06,-3.40842464057494e-08
2008-09-07,-5.89770732585387e-09
2008-09-08,-5.10684303174995e-08
2008-09-09,-4.66892983696133e-08
2008-09-10,-5.58132467277498e-08
2008-09-11,-6.07406637934689e-08
2008-09-12,-2.18302258543155e-08
2008-09-13,-3.18591472766512e-08
2008-09-14,-1.93563162985363e-08
2008-09-15,0
2008-09-16,-6.92494798198467e-08
2008-09-17,-2.02650902644023e-08
2008-09-18,-4.25413226606058e-08
2008-09-19,-7.3444123306555e-08
2008-09-20,-6.26339617498529e-08
2008-09-21,-3.66833922906564e-08
2008-09-22,-3.35634622178138e-08
2008-09-23,-1.82536495834028e-08
2008-09-24,-2.17310147932016e-08
2008-09-25,-2.07769552521247e-08
2008-09-26,-4.07770800685769e-08
2008-09-27,-3.63385123238906e-08
2008-09-28,-3.04460904241676e-09
2008-09-29,-1.85111258360589e-08
2008-09-30,-2.46201617333113e-08
2008-10-01,-3.99193894503615e-08
2008-10-02,-1.93911683303192e-08
2008-10-03,-7.87780799531998e-08
2008-10-04,-8.46785411938964e-08
2008-10-05,-4.67132911765226e-08
2008-10-06,-2.71858863803563e-08
2008-10-07,-7.59845132541239e-08
2008-10-08,-5.60798693028012e-08
2008-10-09,-3.5680970847736e-08
2008-10-10,-2.6838791405168e-08
2008-10-11,-3.84559829797396e-08
2008-10-12,-3.06450034888471e-08
2008-10-13,-2.24175616332447e-08
2008-10-14,-6.05904338512197e-09
2008-10-15,-1.09461130675237e-08
2008-10-16,-1.95020469076651e-08
2008-10-17,-3.36180342999385e-08
2008-10-18,-6.12703230232045e-08
2008-10-19,-3.74532135533345e-08
2008-10-20,-1.94732585068842e-08
2008-10-21,-2.42263133371166e-08
2008-10-22,-1.12688359623488e-08
2008-10-23,-6.42697235207708e-08
2008-10-24,-3.72106012241298e-08
2008-10-25,-3.44132956452111e-08
2008-10-26,-2.15571408167235e-08
2008-10-27,-2.25167720535574e-08
2008-10-28,-1.08955328138002e-08
2008-10-29,-9.17662002810991e-09
2008-10-30,-7.48532295625303e-08
2008-10-31,-4.45601307401671e-08
2008-11-01,-2.93698601828291e-08
2008-11-02,-3.8154463759377e-08
2008-11-03,-1.14784927640021e-08
2008-11-04,-1.50649640875553e-08
2008-11-05,-4.12235978204965e-09
2008-11-06,-1.82120290594575e-09
2008-11-07,0
2008-11-08,0
2008-11-09,0
2008-11-10,-2.4939671633743e-08
2008-11-11,-4.66234915421236e-08
2008-11-12,-3.54112513990507e-08
2008-11-13,-2.67459521774444e-09
2008-11-14,-3.34287201108343e-08
2008-11-15,0
2008-11-16,0
2008-11-17,-6.17991739605711e-08
2008-11-18,-2.41685875225642e-08
2008-11-19,-5.87245157586662e-08
2008-11-20,-6.74369099442691e-08
2008-11-21,-6.83682487276214e-08
2008-11-22,-5.20536697403343e-08
2008-11-23,-8.11981363601784e-08
2008-11-24,-4.55439461387412e-08
2008-11-25,-2.99325160333292e-08
2008-11-26,-6.79468049427817e-09
2008-11-27,-1.35050620321952e-08
2008-11-28,-1.26295329218574e-08
2008-11-29,-1.29348630873024e-08
2008-11-30,-1.14340948707927e-08
2008-12-01,-2.27730232345615e-08
2008-12-02,-6.17561009748563e-09
2008-12-03,-1.66556028785595e-08
2008-12-04,-1.47096939927342e-08
2008-12-05,-6.34844809442214e-09
2008-12-06,-1.26751164220356e-08
2008-12-07,-2.08774253544251e-08
2008-12-08,-3.98550676197573e-08
2008-12-09,-2.75602241903959e-08
2008-12-10,-9.81238741206291e-09
2008-12-11,-5.22653990575578e-09
2008-12-12,-1.08359575408314e-08
2008-12-13,-2.85413593985746e-08
2008-12-14,-1.79561207426674e-08
2008-12-15,-1.30407417346869e-08
2008-12-16,0
2008-12-17,-1.25211187640329e-08
2008-12-18,-7.85882945740724e-09
2008-12-19,-1.02700741328231e-08
2008-12-20,-2.24595416099977e-08
2008-12-21,-9.99719732308654e-09
2008-12-22,-4.21946057621885e-09
2008-12-23,-3.0927512608046e-08
2008-12-24,-9.32784142548616e-09
2008-12-25,-1.51182590288186e-09
2008-12-26,-9.75169463756353e-09
2008-12-27,-4.68548125797841e-09
2008-12-28,0
2008-12-29,0
2008-12-30,-2.97039217949631e-10
2008-12-31,-1.48625656384806e-08
2009-01-01,-2.87333703804943e-08
2009-01-02,-1.07496008801278e-08
2009-01-03,-4.12586272160810e-09
2009-01-04,-4.64375627900486e-09
2009-01-05,-2.76491746015904e-09
2009-01-06,-5.1830637978818e-09
2009-01-07,-1.46966877719986e-09
2009-01-08,-7.90609067977879e-09
2009-01-09,-8.11886364300764e-09
2009-01-10,-5.95397636398078e-09
2009-01-11,-1.47354298050661e-09
2009-01-12,-3.9715669018157e-09
2009-01-13,-1.18558362404407e-09
2009-01-14,-2.69131918723221e-09
2009-01-15,-5.08384000704653e-09
2009-01-16,-4.68175693277912e-09
2009-01-17,-5.30907085115101e-09
2009-01-18,-3.58803161410538e-09
2009-01-19,-1.07702814078409e-09
2009-01-20,-6.95415797348968e-10
2009-01-21,-2.25366750825528e-09
2009-01-22,-1.99727438846291e-09
2009-01-23,0
2009-01-24,0
2009-01-25,-3.13411596806527e-09
2009-01-26,-4.24635524004217e-10
2009-01-27,-5.28621068474705e-09
2009-01-28,-9.92257488600464e-10
2009-01-29,-3.68226780750229e-09
2009-01-30,-1.10222562571641e-09
2009-01-31,-5.05281053800993e-09
2009-02-01,-3.00086100240115e-09
2009-02-02,0
2009-02-03,-2.09478715762884e-09
2009-02-04,-6.78986144221703e-09
2009-02-05,-3.85683453039451e-09
2009-02-06,-5.83526013210904e-09
2009-02-07,-2.47947430327287e-10
2009-02-08,-3.5292423578008e-09
2009-02-09,0
2009-02-10,0
2009-02-11,0
2009-02-12,-1.58545881776323e-10
2009-02-13,0
2009-02-14,0
2009-02-15,0
2009-02-16,-2.06318761896838e-10
2009-02-17,-2.72448343446938e-09
2009-02-18,0
2009-02-19,-3.11496850588439e-09
2009-02-20,0
2009-02-21,-7.17238829649082e-09
2009-02-22,0
2009-02-23,-5.96558864114134e-10
2009-02-24,-6.81240216970603e-09
2009-02-25,0
2009-02-26,0
2009-02-27,-4.14026491246108e-10
2009-02-28,0
2009-03-01,-1.88064825010855e-09
2009-03-02,-2.33696793928007e-09
2009-03-03,-1.72703945790077e-08
2009-03-04,-4.3991881172417e-09
2009-03-05,-6.58611967438867e-09
2009-03-06,0
2009-03-07,-2.54810413657169e-09
2009-03-08,0
2009-03-09,0
2009-03-10,-1.01103913845789e-09
2009-03-11,-1.11240656540371e-09
2009-03-12,0
2009-03-13,-1.87748938406606e-08
2009-03-14,-9.10457320468988e-09
2009-03-15,-3.9638245597804e-09
2009-03-16,-2.02335658101294e-09
2009-03-17,0
2009-03-18,0
2009-03-19,0
2009-03-20,-2.94517862401089e-08
2009-03-21,-2.80609257238076e-08
2009-03-22,-1.88065134070574e-08
2009-03-23,-4.21791286372065e-08
2009-03-24,-6.69845673151061e-08
2009-03-25,-2.36916849796991e-08
2009-03-26,-1.29567535818815e-08
2009-03-27,-8.91550786883582e-09
2009-03-28,-2.17027423409296e-09
2009-03-29,0
2009-03-30,-2.28823026830752e-09
2009-03-31,-1.34207338424839e-08
2009-04-01,-2.11501735347184e-09
2009-04-02,-1.20881852894883e-08
2009-04-03,0
2009-04-04,0
2009-04-05,-1.94076561370682e-08
2009-04-06,-1.13978370692571e-08
2009-04-07,-6.94934118053137e-09
2009-04-08,-2.00563463056277e-08
2009-04-09,-2.54914762609942e-08
2009-04-10,-1.52228928179333e-08
2009-04-11,-9.08051903442571e-09
2009-04-12,-2.5302916829734e-08
2009-04-13,-5.70209627712566e-08
2009-04-14,-2.68443185895249e-08
2009-04-15,-1.37907849195458e-08
2009-04-16,-1.42579306048361e-08
2009-04-17,-1.19000519427348e-08
2009-04-18,-1.63753430093457e-08
2009-04-19,-1.10276591581346e-09
2009-04-20,-1.14669739970282e-08
2009-04-21,-3.75218681255566e-08
2009-04-22,0
2009-04-23,-3.49856618423516e-10
2009-04-24,-2.85493286803112e-08
2009-04-25,-6.63506492257527e-09
2009-04-26,0
2009-04-27,0
2009-04-28,0
2009-04-29,0
2009-04-30,-2.35154809704086e-08
2009-05-01,-2.70220198787671e-08
2009-05-02,0
2009-05-03,-1.59800733642458e-08
2009-05-04,-1.10317398829006e-08
2009-05-05,-3.86120011465144e-09
2009-05-06,-1.25373974296919e-08
2009-05-07,0
2009-05-08,0
2009-05-09,-1.26109782933918e-09
2009-05-10,0
2009-05-11,-4.458427300444e-08
2009-05-12,-1.26842953605445e-08
2009-05-13,-1.04014966681207e-08
2009-05-14,-2.1045098180395e-08
2009-05-15,0
2009-05-16,-6.94851539753424e-09
2009-05-17,0
2009-05-18,-3.31533401406068e-08
2009-05-19,-2.95049446438777e-08
2009-05-20,-2.48134741895526e-08
2009-05-21,-1.66034902682315e-08
2009-05-22,-5.64947998028045e-09
2009-05-23,-7.87395288756351e-09
2009-05-24,-1.77986881611798e-08
2009-05-25,-2.22811285912453e-09
2009-05-26,-5.55779193156212e-08
2009-05-27,-2.16490193210809e-08
2009-05-28,-2.16897817382729e-08
2009-05-29,-3.4443845328504e-08
2009-05-30,0
2009-05-31,-1.45915816037525e-08
2009-06-01,-5.90718318241229e-08
2009-06-02,-2.04430610474654e-08
2009-06-03,-1.06136360237146e-08
2009-06-04,-7.07173403264393e-09
2009-06-05,-2.02886353884556e-08
2009-06-06,-1.33542545208219e-08
2009-06-07,-3.62184610139282e-09
2009-06-08,-1.50189647239813e-08
2009-06-09,-9.24023779885319e-09
2009-06-10,-3.50982428093193e-08
2009-06-11,0
2009-06-12,0
2009-06-13,0
2009-06-14,-4.48506445745936e-09
2009-06-15,-3.04622805281344e-09
2009-06-16,-1.39646183019456e-08
2009-06-17,-2.2243383433334e-08
2009-06-18,-2.8445677570655e-08
2009-06-19,-2.75798640788096e-08
2009-06-20,-1.59645616476479e-09
2009-06-21,-6.33433746382379e-10
2009-06-22,-3.84110242422342e-09
2009-06-23,-1.22365059322528e-08
2009-06-24,0
2009-06-25,0
2009-06-26,0
2009-06-27,-8.70481154133848e-09
2009-06-28,-8.88107710301137e-09
2009-06-29,-3.26875601236814e-09
2009-06-30,-5.66677118462993e-09
2009-07-01,-1.34119687048196e-08
2009-07-02,-2.70916674979208e-08
2009-07-03,-2.02226379210524e-08
2009-07-04,-2.30242226561134e-08
2009-07-05,-4.94027578984776e-08
2009-07-06,-2.52285477553833e-08
2009-07-07,-9.64051880716862e-09
2009-07-08,-3.28970101183769e-08
2009-07-09,-1.28186723799132e-08
2009-07-10,-1.01401886948149e-08
2009-07-11,-2.23852209393841e-08
2009-07-12,-2.54798734014003e-08
2009-07-13,-3.42679480311703e-08
2009-07-14,-5.17784407592457e-08
2009-07-15,-6.33230645631518e-08
2009-07-16,-2.86236312184426e-08
2009-07-17,-6.4031124938267e-09
2009-07-18,-1.49676744963101e-08
2009-07-19,-2.21692398092306e-08
2009-07-20,-3.31199502181534e-08
2009-07-21,-2.06203619588231e-09
2009-07-22,-3.06840823972346e-08
2009-07-23,-9.7362225789704e-09
2009-07-24,-4.82266306264901e-08
2009-07-25,-1.17228769294336e-08
2009-07-26,-2.68611212180022e-08
2009-07-27,-2.60368100116881e-08
2009-07-28,-1.92200906979257e-08
2009-07-29,-2.03813059016641e-08
2009-07-30,-2.27494975901279e-08
2009-07-31,-1.89956673579825e-08
2009-08-01,-1.18452536695197e-08
2009-08-02,-2.89223348564782e-08
2009-08-03,-2.66316410157789e-08
2009-08-04,-2.54238814856287e-08
2009-08-05,-3.4645582172397e-08
2009-08-06,-4.09406156467972e-08
2009-08-07,-3.67305602007787e-08
2009-08-08,-8.21285029190381e-08
2009-08-09,-2.15075758292877e-08
2009-08-10,-4.05728681777051e-08
2009-08-11,-1.44465350574527e-08
2009-08-12,-2.74943479097321e-08
2009-08-13,-2.2299647047538e-08
2009-08-14,-2.22271340516107e-08
2009-08-15,-1.3407444403587e-08
2009-08-16,-2.56051772755377e-08
2009-08-17,-2.4686860501919e-08
2009-08-18,-3.22059583706964e-08
2009-08-19,-5.10899126628786e-08
2009-08-20,-4.65449770334382e-08
2009-08-21,-4.25392229230867e-08
2009-08-22,-3.81360356820204e-08
2009-08-23,-2.63117090871079e-08
2009-08-24,-3.44827741426167e-08
2009-08-25,-5.05835311182931e-08
2009-08-26,-4.58355508123394e-08
2009-08-27,-5.81532769914937e-08
2009-08-28,-8.29761007098648e-08
2009-08-29,-5.41099661803554e-08
2009-08-30,-4.27382295288246e-08
2009-08-31,-2.77735846170553e-08
2009-09-01,-6.77133325109221e-08
2009-09-02,-2.9359921272074e-08
2009-09-03,-2.15263145551127e-08
2009-09-04,-1.2062647280084e-08
2009-09-05,-4.00188051554628e-08
2009-09-06,-5.72677313481893e-08
2009-09-07,-4.85227032220995e-08
2009-09-08,-3.2579375912115e-08
2009-09-09,-3.64674177618703e-08
2009-09-10,-4.29634368103856e-08
2009-09-11,-5.1831137720308e-08
2009-09-12,-3.38245852380452e-08
2009-09-13,-1.60824824387911e-08
2009-09-14,-4.67975347678372e-08
2009-09-15,-4.74997776069538e-08
2009-09-16,-5.19845863767154e-08
2009-09-17,-3.93288486309207e-08
2009-09-18,-2.9294275848128e-08
2009-09-19,-9.22939787468488e-08
2009-09-20,-6.56763315211601e-08
2009-09-21,-2.88799286961909e-08
2009-09-22,-3.72384223884667e-08
2009-09-23,-1.56207259869914e-08
2009-09-24,-7.6991070815459e-09
2009-09-25,-4.44664169662004e-08
2009-09-26,-6.37611643163013e-08
2009-09-27,-5.94026975351835e-08
2009-09-28,-2.40026231848085e-08
2009-09-29,-3.78924990376896e-08
2009-09-30,-5.28698594549918e-08
2009-10-01,-6.04963986275542e-08
2009-10-02,-2.97806304915096e-08
2009-10-03,-4.0662428604705e-08
2009-10-04,-1.28437231632995e-08
2009-10-05,-3.20433107074691e-08
2009-10-06,-5.6278382998106e-08
2009-10-07,-2.30799294292519e-08
2009-10-08,-8.55721759719212e-08
2009-10-09,-3.6409362236674e-08
2009-10-10,-1.20294987859682e-08
2009-10-11,-5.11716839541952e-08
2009-10-12,-7.96362563851332e-08
2009-10-13,-1.76420965492773e-08
2009-10-14,-6.87017326126901e-08
2009-10-15,-4.68726403902235e-08
2009-10-16,-3.32940787783482e-08
2009-10-17,-2.41697099714212e-08
2009-10-18,-2.55318438834251e-08
2009-10-19,-3.25116628970927e-08
2009-10-20,-1.69234998035092e-08
2009-10-21,-1.60465501989551e-08
2009-10-22,-5.40955530348591e-09
2009-10-23,-1.33457325382745e-08
2009-10-24,-5.57672850734732e-08
2009-10-25,0
2009-10-26,-3.49338407465091e-08
2009-10-27,-1.62307706766772e-08
2009-10-28,-1.30293577374111e-08
2009-10-29,-2.00570349948059e-08
2009-10-30,-9.11856190882601e-09
2009-10-31,-2.3752469412768e-08
2009-11-01,0
2009-11-02,-2.61202801759312e-08
2009-11-03,-2.19686670492087e-08
2009-11-04,-2.77441033926732e-08
2009-11-05,-1.77439340554499e-08
2009-11-06,-1.62210171500019e-08
2009-11-07,-3.74785975252437e-08
2009-11-08,-2.82928999734881e-08
2009-11-09,-1.44960518233709e-08
2009-11-10,-9.13607743843541e-09
2009-11-11,-1.34950368099678e-08
2009-11-12,-1.85290654628206e-08
2009-11-13,-2.3326692741896e-08
2009-11-14,-2.64369239947976e-08
2009-11-15,-1.16432101355169e-10
2009-11-16,0
2009-11-17,-3.31684567429008e-08
2009-11-18,-1.65978879577513e-08
2009-11-19,-1.18441008563382e-08
2009-11-20,-1.08048358700399e-08
2009-11-21,-2.35031597446885e-08
2009-11-22,-1.2029830631476e-08
2009-11-23,-1.31433016048081e-08
2009-11-24,-1.17719003910027e-08
2009-11-25,-5.52408998815096e-09
2009-11-26,-2.23287896947506e-09
2009-11-27,-5.83545009032654e-09
2009-11-28,-2.97719497614174e-08
2009-11-29,-5.04776062257547e-08
2009-11-30,-1.40025112997717e-08
2009-12-01,-3.27368994044137e-08
2009-12-02,-2.12040830529931e-08
2009-12-03,-1.31842119643201e-08
2009-12-04,0
2009-12-05,-1.30556850362312e-08
2009-12-06,-1.85312824428352e-08
2009-12-07,-2.75367666374838e-08
2009-12-08,-9.52277296389577e-09
2009-12-09,-1.80693197440778e-08
2009-12-10,-2.24278816257371e-08
2009-12-11,-4.30532344820466e-08
2009-12-12,-5.62177841416359e-08
2009-12-13,-2.65668615578354e-08
2009-12-14,-1.07206651199288e-08
2009-12-15,-8.61354172688324e-09
2009-12-16,-9.49646343880874e-09
2009-12-17,-3.45396950199498e-08
2009-12-18,-5.92360602549769e-08
2009-12-19,-2.60176519559808e-08
2009-12-20,-1.66191665910329e-08
2009-12-21,-3.5386988195526e-08
2009-12-22,-2.50901443972912e-08
2009-12-23,-1.39052181662123e-08
2009-12-24,-2.04118497926837e-08
2009-12-25,0
2009-12-26,0
2009-12-27,-1.42227977378819e-09
2009-12-28,0
2009-12-29,-3.78494288127869e-09
2009-12-30,-2.64153466401616e-08
2009-12-31,-2.62516718718082e-09
2010-01-01,-8.57555681846371e-10
2010-01-02,-6.35458196289151e-10
2010-01-03,-1.42208478122453e-08
2010-01-04,-1.63424895791342e-08
2010-01-05,-7.09230903811154e-09
2010-01-06,-5.26160318669991e-09
2010-01-07,-7.77696199622184e-09
2010-01-08,-2.06486898653879e-09
2010-01-09,-1.2573782519562e-08
2010-01-10,-5.64376871378936e-09
2010-01-11,-3.25216558613189e-09
2010-01-12,0
2010-01-13,-3.88614404926473e-09
2010-01-14,-6.39593124331743e-09
2010-01-15,0
2010-01-16,0
2010-01-17,0
2010-01-18,0
2010-01-19,-8.18047118289396e-11
2010-01-20,-5.56227199775797e-10
2010-01-21,-2.27182102702118e-09
2010-01-22,0
2010-01-23,0
2010-01-24,0
2010-01-25,0
2010-01-26,0
2010-01-27,-4.89033438029576e-09
2010-01-28,-2.83075962007975e-09
2010-01-29,-1.39106963152696e-09
2010-01-30,-1.34367395202057e-08
2010-01-31,-3.29019667753399e-09
2010-02-01,-5.86313580421855e-09
2010-02-02,-8.80665291435886e-09
2010-02-03,-2.33098128687898e-09
2010-02-04,0
2010-02-05,-6.5743950829212e-10
2010-02-06,0
2010-02-07,-1.84520045715964e-09
2010-02-08,-1.28237498223335e-09
2010-02-09,-5.07382028463242e-09
2010-02-10,0
2010-02-11,0
2010-02-12,0
2010-02-13,0
2010-02-14,-1.72973362763647e-09
2010-02-15,-7.31437161980425e-09
2010-02-16,-2.83848097199966e-09
2010-02-17,-1.81504280364337e-09
2010-02-18,0
2010-02-19,0
2010-02-20,-2.95507952364532e-09
2010-02-21,0
2010-02-22,-3.69281962552882e-10
2010-02-23,0
2010-02-24,-8.96809797546867e-10
2010-02-25,-1.1191987360259e-09
2010-02-26,-3.53070721328302e-10
2010-02-27,0
2010-02-28,-9.89355167619086e-11
2010-03-01,0
2010-03-02,0
2010-03-03,-3.24680862296122e-10
2010-03-04,-6.57789446647551e-09
2010-03-05,-1.08162010837174e-08
2010-03-06,-2.47907443046448e-09
2010-03-07,-4.12069562493397e-09
2010-03-08,0
2010-03-09,0
2010-03-10,-5.48269209874343e-09
2010-03-11,-1.54081083722205e-09
2010-03-12,-2.66675612400488e-09
2010-03-13,-3.63660181787303e-09
2010-03-14,-4.46434258699603e-09
2010-03-15,-1.46287039475978e-08
2010-03-16,-8.65803609091623e-09
2010-03-17,-1.43482968671604e-08
2010-03-18,-1.48469328357721e-08
2010-03-19,-5.95365158010782e-09
2010-03-20,-5.92537429608171e-09
2010-03-21,-3.69444329587239e-09
2010-03-22,-4.87929730749141e-09
2010-03-23,0
2010-03-24,0
2010-03-25,-3.66181171544334e-08
2010-03-26,-7.51168634799753e-09
2010-03-27,-5.42154474648202e-08
2010-03-28,-1.72977439116812e-08
2010-03-29,-1.95391241993681e-08
2010-03-30,0
2010-03-31,0
2010-04-01,0
2010-04-02,0
2010-04-03,0
2010-04-04,0
2010-04-05,-1.08925539375066e-08
2010-04-06,-4.01833370503492e-09
2010-04-07,0
2010-04-08,0
2010-04-09,0
2010-04-10,-9.00026602258578e-09
2010-04-11,-3.08496228288118e-08
2010-04-12,-2.67146039857153e-08
2010-04-13,-2.36354454006267e-08
2010-04-14,-7.88627559843522e-09
2010-04-15,-3.35222769491931e-08
2010-04-16,-1.4082768900934e-08
2010-04-17,-2.75590465814549e-08
2010-04-18,-6.15707814011713e-09
2010-04-19,-2.57306769228261e-08
2010-04-20,-2.05380036012931e-08
2010-04-21,-2.069090795925e-08
2010-04-22,-1.64831299581603e-08
2010-04-23,-9.74162709986599e-09
2010-04-24,-3.17632696611934e-08
2010-04-25,-1.4475477838405e-08
2010-04-26,-5.61569080058689e-09
2010-04-27,-6.69720427641233e-09
2010-04-28,-1.79553802403165e-08
2010-04-29,-5.37211398863697e-08
2010-04-30,-5.60231518940337e-08
2010-05-01,-2.4273752338353e-08
2010-05-02,0
2010-05-03,0
2010-05-04,0
2010-05-05,-9.96961835442227e-09
2010-05-06,-9.1544391592216e-09
2010-05-07,-4.59614072472867e-08
2010-05-08,-2.12054141266493e-08
2010-05-09,-2.68322802256127e-08
2010-05-10,-8.32943738732539e-08
2010-05-11,-4.97131088874197e-08
2010-05-12,-1.63202078661197e-08
2010-05-13,-1.91763021865909e-08
2010-05-14,-2.21149726761881e-08
2010-05-15,0
2010-05-16,-1.51613556709668e-08
2010-05-17,-3.41782224108223e-08
2010-05-18,-1.0828090271881e-08
2010-05-19,-1.07908897032892e-08
2010-05-20,-9.4312683349898e-09
2010-05-21,-5.0765292851004e-10
2010-05-22,-3.56862078540773e-09
2010-05-23,0
2010-05-24,0
2010-05-25,0
2010-05-26,0
2010-05-27,0
2010-05-28,-7.32409524263635e-09
2010-05-29,-7.25704524342409e-09
2010-05-30,-9.4093491664327e-09
2010-05-31,-3.03513047972128e-08
2010-06-01,-1.21250771538952e-08
2010-06-02,-5.72573033340976e-09
2010-06-03,-1.2916557839851e-09
2010-06-04,-5.83779394920511e-10
2010-06-05,-1.43655522578209e-09
2010-06-06,-5.81178486130673e-09
2010-06-07,-3.9100284859477e-08
2010-06-08,-5.87116379082082e-08
2010-06-09,-5.42313067532655e-08
2010-06-10,-4.95709805220793e-08
2010-06-11,-6.5915537733094e-09
2010-06-12,-6.94482280498803e-09
2010-06-13,-1.10939794697677e-08
2010-06-14,-2.82726738734482e-09
2010-06-15,-2.10823941166576e-08
2010-06-16,-3.07604745018947e-08
2010-06-17,-2.5529022355098e-08
2010-06-18,-2.59063703340573e-08
2010-06-19,-6.03486972697686e-09
2010-06-20,-7.69786141750929e-09
2010-06-21,-1.26975357427125e-08
2010-06-22,-2.26836365681277e-08
2010-06-23,-1.85376023496839e-08
2010-06-24,-8.98067686666217e-10
2010-06-25,-3.54261308749806e-08
2010-06-26,-1.93664432317908e-08
2010-06-27,-2.45660271975614e-08
2010-06-28,-9.64517484093618e-09
2010-06-29,-7.035913703234e-09
2010-06-30,-6.33309909512699e-08
2010-07-01,-6.72129380045064e-08
2010-07-02,-7.77748820390448e-08
2010-07-03,-2.98232996806116e-08
2010-07-04,-1.92266637892221e-08
2010-07-05,-1.62764737159011e-08
2010-07-06,-1.00557703637636e-08
2010-07-07,-5.31857503277047e-10
2010-07-08,-1.3350653401701e-09
2010-07-09,-1.7175250287791e-08
2010-07-10,-2.96397140540388e-08
2010-07-11,-1.8909926157064e-08
2010-07-12,-1.33175292125358e-08
2010-07-13,-3.59009065330968e-08
2010-07-14,-3.42825174118243e-08
2010-07-15,-2.55198534322149e-08
2010-07-16,-2.78706613079101e-08
2010-07-17,-2.51965213159244e-08
2010-07-18,-4.96834997331014e-08
2010-07-19,-5.42121330432238e-08
2010-07-20,-3.76391478356029e-08
2010-07-21,-2.81235590503719e-08
2010-07-22,-4.49336721309416e-08
2010-07-23,-6.92810753639642e-08
2010-07-24,-4.72477522041945e-08
2010-07-25,-1.54830590984344e-08
2010-07-26,-6.98842529540244e-08
2010-07-27,-9.7986245392865e-08
2010-07-28,-3.32665726532737e-08
2010-07-29,-4.11173490534962e-08
2010-07-30,-6.23434139081858e-08
2010-07-31,-7.03928655140911e-08
2010-08-01,-7.73518683517701e-09
2010-08-02,-4.48218495368054e-08
2010-08-03,-4.23018374748266e-08
2010-08-04,-3.24090041745285e-08
2010-08-05,-1.3617301396053e-08
2010-08-06,-3.09613391282169e-08
2010-08-07,-8.89258875773142e-08
2010-08-08,-4.55800938711064e-08
2010-08-09,-5.91964789656863e-08
2010-08-10,-2.32750542764388e-08
2010-08-11,-2.69760218908805e-08
2010-08-12,-3.95941454772102e-08
2010-08-13,-5.43413479173303e-08
2010-08-14,-5.07074376415019e-08
2010-08-15,-5.92327713284742e-08
2010-08-16,-6.80791050356229e-08
2010-08-17,-3.644711595213e-08
2010-08-18,-5.47676606089545e-08
2010-08-19,-2.0723329823793e-08
2010-08-20,-4.39705443711065e-08
2010-08-21,-7.41450308860559e-08
2010-08-22,-3.53253482254402e-08
2010-08-23,-7.92095637107017e-08
2010-08-24,-5.28442577856828e-08
2010-08-25,-4.29342149711684e-08
2010-08-26,-2.14983863650311e-08
2010-08-27,-3.67194327046118e-08
2010-08-28,-4.60371723135116e-08
2010-08-29,-3.74918179895081e-08
2010-08-30,-2.79018549316561e-08
2010-08-31,-3.20685321907647e-08
2010-09-01,-2.14925748840635e-08
2010-09-02,-3.05714222506053e-08
2010-09-03,-2.05161940783384e-08
2010-09-04,-2.14182773495856e-08
2010-09-05,-1.31949547340787e-07
2010-09-06,-6.93089222222925e-08
2010-09-07,-5.72763192089428e-08
2010-09-08,-3.90953781949521e-08
2010-09-09,-5.29532876935366e-08
2010-09-10,-5.67294936507303e-08
2010-09-11,-6.63611959875075e-08
2010-09-12,-1.92145987224397e-08
2010-09-13,-5.14871306450665e-08
2010-09-14,-2.93452994680326e-08
2010-09-15,-5.88109890352384e-08
2010-09-16,-7.10325048449422e-08
2010-09-17,-6.20737753170142e-08
2010-09-18,-3.38522594972491e-08
2010-09-19,-3.29062152918283e-08
2010-09-20,-4.29812687570814e-09
2010-09-21,-8.67024049447688e-08
2010-09-22,-5.72719381366103e-08
2010-09-23,-1.34410733358469e-08
2010-09-24,-1.74944804068336e-08
2010-09-25,-4.41168940114938e-10
2010-09-26,-4.29243920912668e-08
2010-09-27,-4.23934056886653e-08
2010-09-28,-3.51247509885567e-08
2010-09-29,-1.19910079972155e-08
2010-09-30,-2.02171117044314e-08
2010-10-01,0
2010-10-02,-6.80484034018372e-08
2010-10-03,-4.45662958367381e-08
2010-10-04,-3.83294546181991e-08
2010-10-05,-4.48657419965087e-08
2010-10-06,-2.82427536673857e-08
2010-10-07,-2.09284312953075e-08
2010-10-08,-9.49929958200661e-08
2010-10-09,-4.57455653991469e-08
2010-10-10,-7.29103006014527e-08
2010-10-11,-5.03832067142862e-08
2010-10-12,-3.74692359312469e-08
2010-10-13,-5.26903694920298e-08
2010-10-14,-9.7775189571563e-09
2010-10-15,-4.46527601205625e-08
2010-10-16,-8.09950922437975e-08
2010-10-17,-6.94542452030138e-08
2010-10-18,-5.30005450187641e-08
2010-10-19,-5.219886958435e-08
2010-10-20,-2.88512785365828e-08
2010-10-21,-2.8657224138697e-08
2010-10-22,-4.9501499992108e-08
2010-10-23,-7.59242772233959e-08
2010-10-24,-3.71516529997748e-08
2010-10-25,-1.52843660569695e-08
2010-10-26,0
2010-10-27,0
2010-10-28,0
2010-10-29,-4.05680804036634e-08
2010-10-30,-4.54746947042871e-08
2010-10-31,-2.85054580013801e-08
2010-11-01,-5.79191742803515e-08
2010-11-02,-3.71618463295143e-08
2010-11-03,-2.72591354367776e-08
2010-11-04,-2.63887837085151e-08
2010-11-05,-1.57256527471378e-08
2010-11-06,-1.60391042152958e-08
2010-11-07,-2.11820024691337e-08
2010-11-08,-4.59648487900162e-08
2010-11-09,-3.50835032339983e-08
2010-11-10,-1.86301484968524e-08
2010-11-11,-2.28547208626807e-08
2010-11-12,-2.10958378263929e-08
2010-11-13,-1.1309421868496e-08
2010-11-14,-1.43705382125142e-08
2010-11-15,-1.549642245805e-08
2010-11-16,-3.312760071295e-09
2010-11-17,-3.36485821536755e-09
2010-11-18,-1.16811020581973e-08
2010-11-19,-2.87397081036254e-08
2010-11-20,-2.27847442158812e-08
2010-11-21,-5.20624081081554e-08
2010-11-22,-2.00736390902606e-08
2010-11-23,-4.60287000806387e-09
2010-11-24,0
2010-11-25,-6.58479953839543e-08
2010-11-26,-3.17657920373149e-09
2010-11-27,-2.4302255065329e-08
2010-11-28,-4.60606199345945e-08
2010-11-29,-1.24741831467553e-08
2010-11-30,-1.27610177055829e-08
2010-12-01,-1.39097213855802e-08
2010-12-02,0
2010-12-03,-1.32014296142109e-08
2010-12-04,-3.33402356511958e-08
2010-12-05,-3.28301197170943e-08
2010-12-06,-2.85539713243955e-08
2010-12-07,-4.91153138452502e-08
2010-12-08,-3.70501768004398e-08
2010-12-09,-3.30758866927485e-08
2010-12-10,-3.24646489199666e-08
2010-12-11,-2.76028415484573e-08
2010-12-12,-2.70324405599824e-09
2010-12-13,0
2010-12-14,0
2010-12-15,-3.82856690122784e-08
2010-12-16,-2.87844522782547e-08
2010-12-17,-7.00488879408298e-09
2010-12-18,-9.88825074482525e-09
2010-12-19,-2.67876557991101e-09
2010-12-20,-4.35217440590258e-09
2010-12-21,-1.7396812202107e-08
2010-12-22,0
2010-12-23,-9.5368668837086e-09
2010-12-24,-6.60687509059157e-09
2010-12-25,-3.88803589268989e-09
2010-12-26,-3.99449343198441e-09
2010-12-27,-9.6868569742611e-09
2010-12-28,-1.7444699927747e-08
2010-12-29,-3.32019900231044e-09
